{
    "type": "FeatureCollection",
    "features": [
        {
            "type": "Feature",
            "geometry": {
                "coordinates": [
                    [
                        [-1.809269401795475, 52.4453790779512],
                        [-1.81001613167205, 52.445216616498065],
                        [-1.809579569480885, 52.4447619587782],
                        [-1.812276497329124, 52.4429978926803],
                        [-1.811577625798208, 52.44232973460091],
                        [-1.812421931815049, 52.44199755011861],
                        [-1.811843487195718, 52.44139429348322],
                        [-1.812804555975109, 52.44058038380431],
                        [-1.811910592782312, 52.440474713714146],
                        [-1.813404820973965, 52.438484916705534],
                        [-1.814487686027845, 52.43772960387373],
                        [-1.816115862620477, 52.43780592952802],
                        [-1.817321033880825, 52.43235258267599],
                        [-1.81924637146779, 52.430885635898875],
                        [-1.825269656697641, 52.42929086106967],
                        [-1.832129644251765, 52.43109162619674],
                        [-1.839009556387108, 52.43403549490836],
                        [-1.835456485718725, 52.43823171159935],
                        [-1.834525868559937, 52.43965528652937],
                        [-1.833275512474616, 52.44354267443783],
                        [-1.832015343055211, 52.4453244534217],
                        [-1.831053580447977, 52.448290740285366],
                        [-1.833443354954433, 52.44899712187195],
                        [-1.833693362102559, 52.4509716548648],
                        [-1.834492105127638, 52.45221339940562],
                        [-1.831993163859213, 52.451546429104326],
                        [-1.830102871510941, 52.45330401236119],
                        [-1.823982653572479, 52.457042118173895],
                        [-1.814909088515377, 52.45513499625524],
                        [-1.813897149562854, 52.454679365898265],
                        [-1.814188261878047, 52.45123484788445],
                        [-1.809269401795475, 52.4453790779512]
                    ]
                ],
                "type": "Polygon"
            },
            "properties": {
                "geo_point_2d": { "lon": -1.8236957699053, "lat": 52.44285968664167 },
                "lad25cd": "E08000025",
                "lad25nm": "Birmingham",
                "wd25cd": "E05011118",
                "wd25nm": "Acocks Green",
                "bng_e": "412052",
                "bng_n": "282830",
                "lat": 52.4433202696,
                "long": -1.82411376219
            }
        },
        {
            "type": "Feature",
            "geometry": {
                "coordinates": [
                    [
                        [-1.865643211107361, 52.51187065595976],
                        [-1.862367822144241, 52.50943061037891],
                        [-1.865313192303061, 52.50989791897897],
                        [-1.867603345807964, 52.50975391467997],
                        [-1.872544303936571, 52.50853489106681],
                        [-1.878260664808821, 52.50650472347371],
                        [-1.884428944323268, 52.50155922142233],
                        [-1.886104525101791, 52.498484469564936],
                        [-1.893381654799515, 52.499555696433795],
                        [-1.895788898598367, 52.49945079589094],
                        [-1.896160174419885, 52.50002379624601],
                        [-1.896776757564364, 52.500929631065034],
                        [-1.901683714294234, 52.50490468037461],
                        [-1.903470209198496, 52.5085011766111],
                        [-1.901363580647151, 52.516303600122846],
                        [-1.8964208849853, 52.51574558898683],
                        [-1.891825476654755, 52.51482361158181],
                        [-1.885036577427875, 52.5126326751622],
                        [-1.880756603096393, 52.51459910323286],
                        [-1.879415125082224, 52.51910435577823],
                        [-1.87752262266995, 52.52081234649871],
                        [-1.873794148772704, 52.51918029296996],
                        [-1.870634412000741, 52.51719464241082],
                        [-1.868300365566862, 52.51514601703624],
                        [-1.865643211107361, 52.51187065595976]
                    ]
                ],
                "type": "Polygon"
            },
            "properties": {
                "geo_point_2d": { "lon": -1.8860947641720092, "lat": 52.50943728438369 },
                "lad25cd": "E08000025",
                "lad25nm": "Birmingham",
                "wd25cd": "E05011121",
                "wd25nm": "Aston",
                "bng_e": "407851",
                "bng_n": "290202",
                "lat": 52.5096698958,
                "long": -1.88574825822
            }
        },
        {
            "type": "Feature",
            "geometry": {
                "coordinates": [
                    [
                        [-1.886633998974144, 52.46318952492207],
                        [-1.882646595645486, 52.462154519766926],
                        [-1.883518366386643, 52.45861415572896],
                        [-1.883159532479212, 52.45407479271752],
                        [-1.886692601442697, 52.45466528159597],
                        [-1.887003684781934, 52.453861831874086],
                        [-1.891361563165953, 52.45421830209432],
                        [-1.892655725953619, 52.453345722649054],
                        [-1.894775964609784, 52.453433003761546],
                        [-1.896262948395981, 52.45307652435257],
                        [-1.897687837684293, 52.45416820718299],
                        [-1.901403372111564, 52.454911288808574],
                        [-1.900818393570304, 52.45590238446435],
                        [-1.900850977104615, 52.45711876911462],
                        [-1.904598213832065, 52.458268907192654],
                        [-1.902154414364716, 52.461280398713434],
                        [-1.903823818246382, 52.46178434037893],
                        [-1.903378141456029, 52.46231971768192],
                        [-1.904218137598342, 52.46254607278031],
                        [-1.902379620827041, 52.46464466265759],
                        [-1.901213719811925, 52.46731098122689],
                        [-1.886633998974144, 52.46318952492207]
                    ]
                ],
                "type": "Polygon"
            },
            "properties": {
                "geo_point_2d": { "lon": -1.8936699317600327, "lat": 52.45964875555836 },
                "lad25cd": "E08000025",
                "lad25nm": "Birmingham",
                "wd25cd": "E05011122",
                "wd25nm": "Balsall Heath West",
                "bng_e": "407356",
                "bng_n": "284699",
                "lat": 52.4602046979,
                "long": -1.89316060516
            }
        },
        {
            "type": "Feature",
            "geometry": {
                "coordinates": [
                    [
                        [-1.901363580647151, 52.516303600122846],
                        [-1.903470209198496, 52.5085011766111],
                        [-1.905903322316409, 52.5082172432488],
                        [-1.915908810631995, 52.502851486248595],
                        [-1.918804822958238, 52.50215410664874],
                        [-1.918824187492221, 52.503647368924184],
                        [-1.920016298328769, 52.50597473295642],
                        [-1.923400609373704, 52.5058565335273],
                        [-1.926299442915337, 52.50621076190567],
                        [-1.925103982506032, 52.50917574825924],
                        [-1.923052677346108, 52.509366855257454],
                        [-1.919681626057936, 52.50852403711318],
                        [-1.918860366346192, 52.51047436131714],
                        [-1.918983815088278, 52.511391334011535],
                        [-1.920429295026612, 52.51225716339307],
                        [-1.922491660796035, 52.51166068931584],
                        [-1.922806498210838, 52.51197374329201],
                        [-1.924173523646223, 52.51216973919437],
                        [-1.92429169110125, 52.51283236106651],
                        [-1.923054191311175, 52.51275517399505],
                        [-1.919295584075938, 52.513369389579616],
                        [-1.914790461087326, 52.51439825821471],
                        [-1.911098074278358, 52.515728731255436],
                        [-1.908530444470791, 52.51601176859938],
                        [-1.907089578388407, 52.515835396678995],
                        [-1.906542577228436, 52.516012018040854],
                        [-1.906411701153258, 52.51653785315202],
                        [-1.904545747499324, 52.516729595266746],
                        [-1.901363580647151, 52.516303600122846]
                    ]
                ],
                "type": "Polygon"
            },
            "properties": {
                "geo_point_2d": { "lon": -1.912839545111227, "lat": 52.51007846101116 },
                "lad25cd": "E08000025",
                "lad25nm": "Birmingham",
                "wd25cd": "E05011125",
                "wd25nm": "Birchfield",
                "bng_e": "405945",
                "bng_n": "290168",
                "lat": 52.5093880901,
                "long": -1.9138314375
            }
        },
        {
            "type": "Feature",
            "geometry": {
                "coordinates": [
                    [
                        [-1.888072065165918, 52.415445773034996],
                        [-1.885528579198879, 52.41426023000818],
                        [-1.884543702746828, 52.413639857473356],
                        [-1.884438215105329, 52.412952929912194],
                        [-1.885452638291646, 52.411234158195086],
                        [-1.887183308273781, 52.40994755046399],
                        [-1.888129674221209, 52.40775127416901],
                        [-1.887925667203978, 52.40646631808098],
                        [-1.886695435368687, 52.40468786957405],
                        [-1.887121839061351, 52.40467119983025],
                        [-1.892387614653438, 52.404418965703265],
                        [-1.896139814234851, 52.40331289505397],
                        [-1.900696773559707, 52.40382117945645],
                        [-1.904594820466733, 52.40313126342665],
                        [-1.906633058533512, 52.40407954032256],
                        [-1.909673546765084, 52.40443249767889],
                        [-1.910818436149666, 52.40667637524335],
                        [-1.913681851211216, 52.40744989069564],
                        [-1.916601136380051, 52.40834282073421],
                        [-1.916565635692674, 52.409239118253275],
                        [-1.918969263793291, 52.41157375809141],
                        [-1.919386751918142, 52.41322549472137],
                        [-1.915353823482701, 52.41412260232667],
                        [-1.914128213151049, 52.4153506706689],
                        [-1.913849774916871, 52.41600437506795],
                        [-1.912723863502333, 52.41645358523161],
                        [-1.909370034997061, 52.415943949534224],
                        [-1.907684316993332, 52.41469529644278],
                        [-1.907251962989482, 52.41385292295062],
                        [-1.906029782411886, 52.41347043144637],
                        [-1.904830097045229, 52.41421351014964],
                        [-1.903823032524493, 52.41365514289745],
                        [-1.903688373909956, 52.41404228052436],
                        [-1.89977285753186, 52.414589155033106],
                        [-1.898026531421508, 52.414774659074936],
                        [-1.897426176450534, 52.41421483344742],
                        [-1.896479815121559, 52.41426991103108],
                        [-1.893102459939658, 52.414633222594105],
                        [-1.893164230977186, 52.41486836839526],
                        [-1.891828990151829, 52.41497593716777],
                        [-1.891781767820701, 52.415408675603665],
                        [-1.891358866320474, 52.414975372358455],
                        [-1.889697092161218, 52.41558439757728],
                        [-1.888636607450289, 52.41520908676487],
                        [-1.888072065165918, 52.415445773034996]
                    ]
                ],
                "type": "Polygon"
            },
            "properties": {
                "geo_point_2d": { "lon": -1.9012771850482237, "lat": 52.40983660603672 },
                "lad25cd": "E08000025",
                "lad25nm": "Birmingham",
                "wd25cd": "E05011133",
                "wd25nm": "Druids Heath & Monyhull",
                "bng_e": "406750",
                "bng_n": "279092",
                "lat": 52.4098052771,
                "long": -1.90218933357
            }
        },
        {
            "type": "Feature",
            "geometry": {
                "coordinates": [
                    [
                        [-1.997805160576924, 52.40972330080509],
                        [-1.998018254570247, 52.4094913370274],
                        [-1.995120891385102, 52.40852842961293],
                        [-1.99123237806064, 52.40989736861068],
                        [-1.990738519301021, 52.409574591411875],
                        [-1.989209508432145, 52.409984384284805],
                        [-1.989155109682709, 52.41038989517668],
                        [-1.983906761897016, 52.410615793932905],
                        [-1.983523409055768, 52.40952439036166],
                        [-1.984067737487786, 52.40854186116284],
                        [-1.984671941228768, 52.40854733282614],
                        [-1.984691263776694, 52.40768606340672],
                        [-1.985701103098461, 52.40813034910041],
                        [-1.987105259440874, 52.40681698555572],
                        [-1.988104087751223, 52.40444196144355],
                        [-1.990923246866249, 52.40467237533328],
                        [-1.991164362752292, 52.40435774049141],
                        [-1.992053670200677, 52.40441532100867],
                        [-1.992053743134619, 52.403995425230754],
                        [-1.989849113542741, 52.40299737929493],
                        [-1.991679386536017, 52.40129573436393],
                        [-1.99261271331069, 52.40154663543867],
                        [-1.993566456374229, 52.402321591463945],
                        [-1.994761560566807, 52.40169234328155],
                        [-1.996535613106788, 52.40154500869065],
                        [-1.997952415328804, 52.40102538146055],
                        [-1.999918993603121, 52.401019103513285],
                        [-2.001716482960946, 52.40021263829351],
                        [-1.998152476767783, 52.398043328602554],
                        [-1.998352300298409, 52.397905822390946],
                        [-2.001640063793425, 52.398485689890805],
                        [-2.004066480802398, 52.3981125536541],
                        [-2.0045851798338, 52.39759826837314],
                        [-2.005250915667461, 52.39760453045262],
                        [-2.006103312754726, 52.3971325531414],
                        [-2.006588287115116, 52.39737968322689],
                        [-2.008063778449489, 52.397128836163475],
                        [-2.008296241306962, 52.39802235839211],
                        [-2.00982617977601, 52.39842326014544],
                        [-2.009724895466584, 52.39904628324282],
                        [-2.012326573956144, 52.39978948125229],
                        [-2.013800458536365, 52.398910966178185],
                        [-2.014554482664583, 52.39906465032242],
                        [-2.014913484038829, 52.40032860744352],
                        [-2.016597568668408, 52.399729631814196],
                        [-2.017468004992498, 52.40062313281341],
                        [-2.021587608049031, 52.400342841808204],
                        [-2.021678505115952, 52.400084969697694],
                        [-2.025063778458894, 52.40065050884909],
                        [-2.025791217972982, 52.40040400371051],
                        [-2.029434794890621, 52.40055772991077],
                        [-2.031320831899035, 52.400990618662526],
                        [-2.03221629682437, 52.40153429918234],
                        [-2.033648580964309, 52.40231419261786],
                        [-2.03344334150954, 52.40301905173671],
                        [-2.028065787065333, 52.406417827458284],
                        [-2.027322414546387, 52.40709943527475],
                        [-2.027278580814648, 52.40755439244602],
                        [-2.027868308007727, 52.40787070312066],
                        [-2.027542047599233, 52.408090974041855],
                        [-2.024185082541748, 52.40635668010792],
                        [-2.02316781889055, 52.40627779593898],
                        [-2.022036210190235, 52.40680297466643],
                        [-2.020485478605971, 52.4068536768882],
                        [-2.017556763627505, 52.405568492645],
                        [-2.015078601218372, 52.40610916865966],
                        [-2.014282214578121, 52.40686628628962],
                        [-2.012685893532121, 52.407302455214435],
                        [-2.012356841753697, 52.40819072484273],
                        [-2.012815163538496, 52.40944701619203],
                        [-2.010908513239975, 52.40951373821574],
                        [-2.009241789689935, 52.41034834180219],
                        [-2.008104241295461, 52.40860551564167],
                        [-2.006449022742131, 52.409119886284095],
                        [-2.004646692769067, 52.40920895046193],
                        [-2.004208829289493, 52.410954877982896],
                        [-2.002797543589864, 52.410663638591245],
                        [-2.002084593612102, 52.410856886434665],
                        [-2.001020221736538, 52.410294105896966],
                        [-1.998623920702772, 52.40974308408962],
                        [-1.998149140328328, 52.409973158712084],
                        [-1.997805160576924, 52.40972330080509]
                    ]
                ],
                "type": "Polygon"
            },
            "properties": {
                "geo_point_2d": { "lon": -2.0077495492169852, "lat": 52.40438483913266 },
                "lad25cd": "E08000025",
                "lad25nm": "Birmingham",
                "wd25cd": "E05011136",
                "wd25nm": "Frankley Great Park",
                "bng_e": "399287",
                "bng_n": "278448",
                "lat": 52.4040549394,
                "long": -2.01189778762
            }
        },
        {
            "type": "Feature",
            "geometry": {
                "coordinates": [
                    [
                        [-1.763431566498453, 52.48731016987549],
                        [-1.763662442640272, 52.487095832564556],
                        [-1.763101034859081, 52.48661280665512],
                        [-1.762071941953398, 52.48655681957419],
                        [-1.761485914408927, 52.48681456827734],
                        [-1.760868145924608, 52.48640790128224],
                        [-1.761568293123763, 52.48520823662241],
                        [-1.761102101576736, 52.4850876749773],
                        [-1.760419101840877, 52.483953614000534],
                        [-1.759481473475497, 52.48387981472195],
                        [-1.759053467445421, 52.48323976049638],
                        [-1.759813665409977, 52.48291847718143],
                        [-1.758879173687215, 52.48038500680552],
                        [-1.759862897472864, 52.48036273953587],
                        [-1.758843895796049, 52.47848625589407],
                        [-1.758607018192357, 52.47656013089526],
                        [-1.759163745746288, 52.47653340337985],
                        [-1.759169957070597, 52.475394441629774],
                        [-1.755810492398624, 52.47188768317717],
                        [-1.756698681441314, 52.4715245318519],
                        [-1.759330287892977, 52.46893901516899],
                        [-1.767651270580606, 52.472947213555024],
                        [-1.7742217237035, 52.47609562857837],
                        [-1.781015884293891, 52.47885205877419],
                        [-1.787043024986685, 52.48082292984754],
                        [-1.796172329768743, 52.483032543295316],
                        [-1.803825032298369, 52.48434180331494],
                        [-1.809895027100286, 52.48500436219872],
                        [-1.817187368653044, 52.485398975421916],
                        [-1.830861462266334, 52.48503524508109],
                        [-1.830689792546809, 52.486805964294284],
                        [-1.83210835559242, 52.48785627161349],
                        [-1.831805111203563, 52.48898582501523],
                        [-1.832298986939006, 52.48923197041715],
                        [-1.831908794915586, 52.48959549636272],
                        [-1.830442311545802, 52.48912147969916],
                        [-1.827401877746597, 52.490063731803694],
                        [-1.824975314082652, 52.490290339008666],
                        [-1.820142261744935, 52.489464082398634],
                        [-1.815517767633682, 52.489477644585236],
                        [-1.813541573359462, 52.48909519327133],
                        [-1.811017298055462, 52.490812727490635],
                        [-1.808600653466048, 52.49009507044058],
                        [-1.807486772050748, 52.49054362402832],
                        [-1.80353413224749, 52.49080774633367],
                        [-1.799948270557023, 52.49171962779318],
                        [-1.798748309444589, 52.49258874195771],
                        [-1.798546465317975, 52.49389642255415],
                        [-1.797224668845366, 52.49435629894298],
                        [-1.796272958922212, 52.49537769927817],
                        [-1.795223203555458, 52.49527253491882],
                        [-1.793046781127144, 52.49359656145956],
                        [-1.791321516300856, 52.49369608195241],
                        [-1.790102859429265, 52.49444006112189],
                        [-1.789639718835615, 52.4951970557191],
                        [-1.787994597913416, 52.495789267105074],
                        [-1.78640082355937, 52.49549961794598],
                        [-1.786343247128253, 52.495201043283416],
                        [-1.78429243431731, 52.49440625734917],
                        [-1.783349283523452, 52.494513284283066],
                        [-1.783102827468662, 52.493411609054895],
                        [-1.781698088293727, 52.4921477401161],
                        [-1.780962347611453, 52.49201867171164],
                        [-1.780645006931506, 52.49068130038424],
                        [-1.776118442298618, 52.48907532475521],
                        [-1.776317297499619, 52.48733430413355],
                        [-1.775828915650264, 52.48633461203612],
                        [-1.773724023957442, 52.485571893822105],
                        [-1.771667546332481, 52.48543933821463],
                        [-1.771630826521545, 52.48598947591051],
                        [-1.769034973925623, 52.48732392381264],
                        [-1.76762244002127, 52.4876538745362],
                        [-1.765932324662118, 52.48729446706724],
                        [-1.763431566498453, 52.48731016987549]
                    ]
                ],
                "type": "Polygon"
            },
            "properties": {
                "geo_point_2d": { "lon": -1.7865860891035852, "lat": 52.48450555681348 },
                "lad25cd": "E08000025",
                "lad25nm": "Birmingham",
                "wd25cd": "E05011138",
                "wd25nm": "Glebe Farm & Tile Cross",
                "bng_e": "415287",
                "bng_n": "287184",
                "lat": 52.4823819849,
                "long": -1.77632228995
            }
        },
        {
            "type": "Feature",
            "geometry": {
                "coordinates": [
                    [
                        [-1.843112886431707, 52.44990843593613],
                        [-1.841260920340454, 52.45015591040138],
                        [-1.841601896156263, 52.446986495666714],
                        [-1.840576021671625, 52.446703723138526],
                        [-1.841258226679698, 52.44600523553557],
                        [-1.842575505833464, 52.441744785217885],
                        [-1.840977458904701, 52.44183791825719],
                        [-1.83825725746949, 52.4426703385258],
                        [-1.84203247393795, 52.43973752352407],
                        [-1.840351896101737, 52.43909239823395],
                        [-1.835456485718725, 52.43823171159935],
                        [-1.839009556387108, 52.43403549490836],
                        [-1.832129644251765, 52.43109162619674],
                        [-1.825269656697641, 52.42929086106967],
                        [-1.827036064060144, 52.42777421139439],
                        [-1.828005052968583, 52.425554097602436],
                        [-1.830731814411871, 52.42278107403911],
                        [-1.832898466863586, 52.41949913512636],
                        [-1.832904522557054, 52.419468586455764],
                        [-1.838272979737089, 52.42307112191961],
                        [-1.839743959474466, 52.424568188593014],
                        [-1.840482928276811, 52.42434449950375],
                        [-1.841641518606368, 52.42564869896182],
                        [-1.842837873919731, 52.4246001950784],
                        [-1.844590596767637, 52.42551320865173],
                        [-1.845068249430334, 52.42515424583411],
                        [-1.846027548595209, 52.42544318540691],
                        [-1.846365537092013, 52.42594979906737],
                        [-1.847748087071042, 52.42544810625518],
                        [-1.847932645666055, 52.425691094419896],
                        [-1.847452227268976, 52.42597816639165],
                        [-1.848281533921765, 52.426420605922466],
                        [-1.848738476888004, 52.426120020053645],
                        [-1.850409883836086, 52.42764686783812],
                        [-1.851926365395898, 52.42756339183412],
                        [-1.85457103840308, 52.428764157920185],
                        [-1.856722674375804, 52.42925399039035],
                        [-1.857509049155938, 52.429369079923426],
                        [-1.856505353198971, 52.43139247521715],
                        [-1.856216926118845, 52.43372320453906],
                        [-1.85639999340171, 52.433965279191945],
                        [-1.857361315197035, 52.433708410192615],
                        [-1.857840351844631, 52.43476447354786],
                        [-1.856685100778834, 52.43494193227062],
                        [-1.856467272669757, 52.43677834572513],
                        [-1.855876042055968, 52.43677223581783],
                        [-1.855849796126631, 52.438053276004744],
                        [-1.855606786180654, 52.44038055126929],
                        [-1.854992886072246, 52.44054067717441],
                        [-1.855669647636301, 52.44323405413069],
                        [-1.855029783369697, 52.44319911991729],
                        [-1.85477740367182, 52.44566110172232],
                        [-1.855414478464198, 52.44656089507072],
                        [-1.855341607711817, 52.44769987434916],
                        [-1.856491100334291, 52.449402145664536],
                        [-1.857017170353704, 52.45190470402766],
                        [-1.856359279058266, 52.451927276136836],
                        [-1.856246762895274, 52.45123312992083],
                        [-1.853868926924179, 52.45124639902129],
                        [-1.853415893434617, 52.45073885776947],
                        [-1.852456574996038, 52.45071331144266],
                        [-1.852340919706726, 52.45097838616078],
                        [-1.850771040755041, 52.45050538790749],
                        [-1.847954913152118, 52.450447883901624],
                        [-1.847492229013437, 52.449348663966504],
                        [-1.846977287423041, 52.449334519528485],
                        [-1.846507322656168, 52.45037852139347],
                        [-1.843112886431707, 52.44990843593613]
                    ]
                ],
                "type": "Polygon"
            },
            "properties": {
                "geo_point_2d": { "lon": -1.8445087173471006, "lat": 52.435369548490904 },
                "lad25cd": "E08000025",
                "lad25nm": "Birmingham",
                "wd25cd": "E05011140",
                "wd25nm": "Hall Green North",
                "bng_e": "410870",
                "bng_n": "281630",
                "lat": 52.4325566864,
                "long": -1.84154152606
            }
        },
        {
            "type": "Feature",
            "geometry": {
                "coordinates": [
                    [
                        [-1.832904522557054, 52.419468586455764],
                        [-1.834416607553228, 52.41854922259593],
                        [-1.833735854657112, 52.41813834994647],
                        [-1.83465020202917, 52.41741865395816],
                        [-1.839066393322461, 52.414335735388605],
                        [-1.842371836060523, 52.412600561069986],
                        [-1.843615625166889, 52.41050929074166],
                        [-1.847824994527306, 52.409951168133745],
                        [-1.848725882026664, 52.41000355117805],
                        [-1.849440695801695, 52.410774869785755],
                        [-1.851194458922276, 52.41342064288564],
                        [-1.853088702743091, 52.41448345759774],
                        [-1.853675454362393, 52.415632143172445],
                        [-1.854471790086367, 52.41602284340174],
                        [-1.85398027744723, 52.417270958194536],
                        [-1.854801947245978, 52.4177924926797],
                        [-1.856069554087592, 52.41990561554553],
                        [-1.858414770005553, 52.42094877985348],
                        [-1.858134317239809, 52.423402872745335],
                        [-1.858499949242622, 52.42358211313221],
                        [-1.858011213345909, 52.42373042162747],
                        [-1.85901896621026, 52.424304776776474],
                        [-1.858544618142299, 52.42541137188888],
                        [-1.858962880759308, 52.425620080047665],
                        [-1.858081813236053, 52.42695596479647],
                        [-1.858635180327231, 52.42738172964686],
                        [-1.856722674375804, 52.42925399039035],
                        [-1.85457103840308, 52.428764157920185],
                        [-1.851926365395898, 52.42756339183412],
                        [-1.850409883836086, 52.42764686783812],
                        [-1.848738476888004, 52.426120020053645],
                        [-1.848281533921765, 52.426420605922466],
                        [-1.847452227268976, 52.42597816639165],
                        [-1.847932645666055, 52.425691094419896],
                        [-1.847748087071042, 52.42544810625518],
                        [-1.846365537092013, 52.42594979906737],
                        [-1.846027548595209, 52.42544318540691],
                        [-1.845068249430334, 52.42515424583411],
                        [-1.844590596767637, 52.42551320865173],
                        [-1.842837873919731, 52.4246001950784],
                        [-1.841641518606368, 52.42564869896182],
                        [-1.840482928276811, 52.42434449950375],
                        [-1.839743959474466, 52.424568188593014],
                        [-1.838272979737089, 52.42307112191961],
                        [-1.832904522557054, 52.419468586455764]
                    ]
                ],
                "type": "Polygon"
            },
            "properties": {
                "geo_point_2d": { "lon": -1.8471336573419461, "lat": 52.41973820935938 },
                "lad25cd": "E08000025",
                "lad25nm": "Birmingham",
                "wd25cd": "E05011141",
                "wd25nm": "Hall Green South",
                "bng_e": "410572",
                "bng_n": "279991",
                "lat": 52.4178277688,
                "long": -1.84597543886
            }
        },
        {
            "type": "Feature",
            "geometry": {
                "coordinates": [
                    [
                        [-1.953060257159252, 52.47271609549311],
                        [-1.953720519935741, 52.470553357142144],
                        [-1.952923151214198, 52.46877578571089],
                        [-1.949766685214594, 52.46651622930028],
                        [-1.948094430582593, 52.464114255689715],
                        [-1.945128106755024, 52.46331726778047],
                        [-1.943900672185529, 52.46325917509493],
                        [-1.944139902340304, 52.462553596414836],
                        [-1.942483910234618, 52.460501249218964],
                        [-1.944725340546268, 52.458146980220086],
                        [-1.946370385116655, 52.454714448455064],
                        [-1.945305108625361, 52.44988097345343],
                        [-1.946514668109933, 52.448558123986366],
                        [-1.945219479115493, 52.44652224024045],
                        [-1.946700155421233, 52.446035614416246],
                        [-1.950203031163093, 52.44625741544964],
                        [-1.952348531154316, 52.44587983302002],
                        [-1.95601460226025, 52.44632621274131],
                        [-1.957053623099136, 52.44593554927465],
                        [-1.960211043447994, 52.44590069637166],
                        [-1.964945069823099, 52.44650721845296],
                        [-1.969943358155363, 52.44615798255981],
                        [-1.970110681179554, 52.44664253755552],
                        [-1.970658147696732, 52.44646202636667],
                        [-1.972444304263757, 52.44645256567544],
                        [-1.976790975187723, 52.44845103612327],
                        [-1.977941511551239, 52.44847012733457],
                        [-1.981152008513659, 52.45559707677554],
                        [-1.9803183381358, 52.45721872250733],
                        [-1.976658286121715, 52.4602332539775],
                        [-1.97376736412755, 52.46078016830976],
                        [-1.969800146217048, 52.45985685180151],
                        [-1.961473197808705, 52.45967650094551],
                        [-1.964916899410514, 52.463617827161826],
                        [-1.96793555804309, 52.469948506542195],
                        [-1.968322575264639, 52.47222493822488],
                        [-1.965751374553505, 52.47334702349265],
                        [-1.957836861938797, 52.473337295126974],
                        [-1.953060257159252, 52.47271609549311]
                    ]
                ],
                "type": "Polygon"
            },
            "properties": {
                "geo_point_2d": { "lon": -1.9605729791830928, "lat": 52.457479480314866 },
                "lad25cd": "E08000025",
                "lad25nm": "Birmingham",
                "wd25cd": "E05011144",
                "wd25nm": "Harborne",
                "bng_e": "402791",
                "bng_n": "284633",
                "lat": 52.4596532209,
                "long": -1.96034582713
            }
        },
        {
            "type": "Feature",
            "geometry": {
                "coordinates": [
                    [
                        [-1.827525595085108, 52.469676003877815],
                        [-1.828655845509334, 52.4701653008887],
                        [-1.828012293607623, 52.4706085267003],
                        [-1.828710139506424, 52.47096912338412],
                        [-1.829365565717703, 52.470499038948425],
                        [-1.829681310261589, 52.470675646537046],
                        [-1.829129989716907, 52.47124932790104],
                        [-1.831172163483552, 52.47232831721895],
                        [-1.832065921058654, 52.47267030027901],
                        [-1.832537746726125, 52.4720893927783],
                        [-1.835552794221017, 52.472844243548046],
                        [-1.838545498213378, 52.47412852525933],
                        [-1.83793544775428, 52.474682394697446],
                        [-1.840415194852274, 52.47577440359817],
                        [-1.841714892373682, 52.475848135664],
                        [-1.839855922462533, 52.47611795702457],
                        [-1.841317772818348, 52.478601164351815],
                        [-1.847303520677797, 52.47800129941291],
                        [-1.847383528962176, 52.47831515237729],
                        [-1.846667650111973, 52.47838621735281],
                        [-1.847835360163735, 52.48304085528854],
                        [-1.848654450730978, 52.48295202957251],
                        [-1.848940875274465, 52.483585287301985],
                        [-1.830861462266334, 52.48503524508109],
                        [-1.817187368653044, 52.485398975421916],
                        [-1.817823411754088, 52.48464012253525],
                        [-1.81827926379197, 52.481933494730725],
                        [-1.820995992314093, 52.47850481943079],
                        [-1.820947661579969, 52.47808901415697],
                        [-1.822073010575763, 52.47738980615936],
                        [-1.822233367366777, 52.47666388174201],
                        [-1.821300965920541, 52.47460946542132],
                        [-1.821476547091427, 52.47378534913127],
                        [-1.822365645417156, 52.47289802598478],
                        [-1.825252496307824, 52.471616302098084],
                        [-1.82637135207586, 52.47029597005238],
                        [-1.827525595085108, 52.469676003877815]
                    ]
                ],
                "type": "Polygon"
            },
            "properties": {
                "geo_point_2d": { "lon": -1.8316293628029774, "lat": 52.47920695099773 },
                "lad25cd": "E08000025",
                "lad25nm": "Birmingham",
                "wd25cd": "E05011145",
                "wd25nm": "Heartlands",
                "bng_e": "411433",
                "bng_n": "286748",
                "lat": 52.478555847,
                "long": -1.83308830579
            }
        },
        {
            "type": "Feature",
            "geometry": {
                "coordinates": [
                    [
                        [-1.939278093666917, 52.51438813562812],
                        [-1.939190375989219, 52.51173431023927],
                        [-1.940487285439706, 52.509370576501844],
                        [-1.940630915833754, 52.50445223457496],
                        [-1.942520784237036, 52.504685126696344],
                        [-1.951044020940013, 52.50150292420865],
                        [-1.955529594566725, 52.50158107760493],
                        [-1.955490291118685, 52.50262027034383],
                        [-1.957300223762318, 52.503243037696805],
                        [-1.963030919353079, 52.504882089601956],
                        [-1.961155502219477, 52.506602120412786],
                        [-1.961975362711752, 52.50755890750791],
                        [-1.961267518598708, 52.50825088506839],
                        [-1.962241356561329, 52.508320490069835],
                        [-1.961982136408521, 52.509860387990756],
                        [-1.959574769506186, 52.509651897999575],
                        [-1.956544312091258, 52.50935056413318],
                        [-1.954364861381225, 52.5096491172864],
                        [-1.952293637689966, 52.5093696070227],
                        [-1.950444062493281, 52.50970596660058],
                        [-1.949785055011393, 52.51010122309022],
                        [-1.948049944728101, 52.51337645257688],
                        [-1.946768353788058, 52.51425242077829],
                        [-1.945092130171906, 52.51489802759157],
                        [-1.943510775709638, 52.51504647710666],
                        [-1.940964656961168, 52.51487439062122],
                        [-1.939278093666917, 52.51438813562812]
                    ]
                ],
                "type": "Polygon"
            },
            "properties": {
                "geo_point_2d": { "lon": -1.9495872875099538, "lat": 52.50771151180731 },
                "lad25cd": "E08000025",
                "lad25nm": "Birmingham",
                "wd25cd": "E05011147",
                "wd25nm": "Holyhead",
                "bng_e": "403425",
                "bng_n": "290041",
                "lat": 52.5082676963,
                "long": -1.95096139042
            }
        },
        {
            "type": "Feature",
            "geometry": {
                "coordinates": [
                    [
                        [-1.883159532479212, 52.45407479271752],
                        [-1.882971808867468, 52.45380938900287],
                        [-1.882325593619, 52.45390680240369],
                        [-1.882371148529296, 52.45283608516734],
                        [-1.878861350309437, 52.451840966542996],
                        [-1.877476130843658, 52.45098906217387],
                        [-1.876868951094916, 52.451325552006374],
                        [-1.876479873499987, 52.45102038327293],
                        [-1.875439549966917, 52.451534454421854],
                        [-1.875651472632307, 52.45309893969271],
                        [-1.873870553656066, 52.453211197866544],
                        [-1.873559602280124, 52.453377223915275],
                        [-1.874124727090517, 52.453896580060615],
                        [-1.873528056727478, 52.454141301906354],
                        [-1.872889978868636, 52.449328297562424],
                        [-1.871080423158716, 52.44470455173997],
                        [-1.871372290943432, 52.442989614605],
                        [-1.869671933461202, 52.44286004566006],
                        [-1.868296433604883, 52.44236053003559],
                        [-1.861941708245636, 52.43790864305368],
                        [-1.861235649996995, 52.43835188798225],
                        [-1.859849788406242, 52.437483596571134],
                        [-1.860047588503012, 52.436797908134366],
                        [-1.859205980860142, 52.43688319022909],
                        [-1.858606980387929, 52.43790381179369],
                        [-1.855849796126631, 52.438053276004744],
                        [-1.855876042055968, 52.43677223581783],
                        [-1.856467272669757, 52.43677834572513],
                        [-1.856685100778834, 52.43494193227062],
                        [-1.857840351844631, 52.43476447354786],
                        [-1.857361315197035, 52.433708410192615],
                        [-1.857785281543202, 52.43359747574996],
                        [-1.857776689687296, 52.433063430312124],
                        [-1.859103687027694, 52.433432692937735],
                        [-1.85935030198447, 52.43310665121978],
                        [-1.859944004794223, 52.433274610513514],
                        [-1.860370887088897, 52.43269704059594],
                        [-1.862240358951701, 52.43267226683288],
                        [-1.865072968461908, 52.433242814513],
                        [-1.8645313282103, 52.433849030203966],
                        [-1.86951353903911, 52.43470681245449],
                        [-1.874670944605965, 52.43248106128208],
                        [-1.876740943895446, 52.431249792875114],
                        [-1.878646923686402, 52.43181635208127],
                        [-1.881229924408158, 52.43173448652931],
                        [-1.883845135307173, 52.432221592595866],
                        [-1.887880157336531, 52.434947689556594],
                        [-1.888919760426941, 52.43682758622544],
                        [-1.88756986182905, 52.43836631341638],
                        [-1.887416107165821, 52.43925799328563],
                        [-1.888548436577663, 52.439412748581766],
                        [-1.888070433149355, 52.439940939515665],
                        [-1.889488260859952, 52.4406470658614],
                        [-1.889762365437734, 52.44045948352157],
                        [-1.889999218571535, 52.441057548077126],
                        [-1.892498403395694, 52.439341799483735],
                        [-1.902510876732311, 52.435082042477006],
                        [-1.904523613673892, 52.43620198923478],
                        [-1.907382594062045, 52.43647756484624],
                        [-1.911694872435183, 52.437515579564405],
                        [-1.912320784093705, 52.4379016952483],
                        [-1.911635035507419, 52.44021347791044],
                        [-1.912139053603453, 52.444957874757755],
                        [-1.911437126097275, 52.446503642249624],
                        [-1.90945905646492, 52.44757372148958],
                        [-1.909233593350135, 52.44914500188301],
                        [-1.908567213614553, 52.449786373068655],
                        [-1.901403372111564, 52.454911288808574],
                        [-1.897687837684293, 52.45416820718299],
                        [-1.896262948395981, 52.45307652435257],
                        [-1.894775964609784, 52.453433003761546],
                        [-1.892655725953619, 52.453345722649054],
                        [-1.891361563165953, 52.45421830209432],
                        [-1.887003684781934, 52.453861831874086],
                        [-1.886692601442697, 52.45466528159597],
                        [-1.883159532479212, 52.45407479271752]
                    ]
                ],
                "type": "Polygon"
            },
            "properties": {
                "geo_point_2d": { "lon": -1.887294771189245, "lat": 52.443087925511975 },
                "lad25cd": "E08000025",
                "lad25nm": "Birmingham",
                "wd25cd": "E05011154",
                "wd25nm": "Moseley",
                "bng_e": "407468",
                "bng_n": "282796",
                "lat": 52.4430951964,
                "long": -1.89155369026
            }
        },
        {
            "type": "Feature",
            "geometry": {
                "coordinates": [
                    [
                        [-1.959576807201765, 52.41045544857271],
                        [-1.963620783169146, 52.4089167465463],
                        [-1.970285209758472, 52.40557425613864],
                        [-1.9773510266236, 52.40020873773693],
                        [-1.979865200820502, 52.401260186629145],
                        [-1.981025397633836, 52.40018061616572],
                        [-1.98116200091778, 52.40039373226699],
                        [-1.981916062191551, 52.40023647697835],
                        [-1.982624065356352, 52.40133970743541],
                        [-1.988989631203253, 52.395534616137795],
                        [-1.99107041864732, 52.39641493440883],
                        [-1.994826689560898, 52.396853021159295],
                        [-1.998352300298409, 52.397905822390946],
                        [-1.998152476767783, 52.398043328602554],
                        [-2.001716482960946, 52.40021263829351],
                        [-1.999918993603121, 52.401019103513285],
                        [-1.997952415328804, 52.40102538146055],
                        [-1.996535613106788, 52.40154500869065],
                        [-1.994761560566807, 52.40169234328155],
                        [-1.993566456374229, 52.402321591463945],
                        [-1.99261271331069, 52.40154663543867],
                        [-1.991679386536017, 52.40129573436393],
                        [-1.989849113542741, 52.40299737929493],
                        [-1.992053743134619, 52.403995425230754],
                        [-1.992053670200677, 52.40441532100867],
                        [-1.991164362752292, 52.40435774049141],
                        [-1.990923246866249, 52.40467237533328],
                        [-1.988104087751223, 52.40444196144355],
                        [-1.987105259440874, 52.40681698555572],
                        [-1.985701103098461, 52.40813034910041],
                        [-1.984691263776694, 52.40768606340672],
                        [-1.984671941228768, 52.40854733282614],
                        [-1.984067737487786, 52.40854186116284],
                        [-1.983523409055768, 52.40952439036166],
                        [-1.981036025347487, 52.40972363585628],
                        [-1.981287860455691, 52.40864751323605],
                        [-1.975854998248093, 52.40790668964236],
                        [-1.973604586976009, 52.41022112258856],
                        [-1.972963928620206, 52.41213136054399],
                        [-1.973471368589657, 52.41411294569343],
                        [-1.971732174881135, 52.41629533698456],
                        [-1.970002393036802, 52.41738716317817],
                        [-1.966725909799844, 52.418233183902544],
                        [-1.961818254595413, 52.42116154076829],
                        [-1.960523568508957, 52.4219468927639],
                        [-1.959024939646008, 52.420589726906435],
                        [-1.960245490457349, 52.418906336708176],
                        [-1.959541823078432, 52.4181374006866],
                        [-1.955524839683754, 52.41958250236605],
                        [-1.954703807525636, 52.41734907334908],
                        [-1.95487557008507, 52.41605278343802],
                        [-1.956406668349435, 52.415537293676195],
                        [-1.957024989420041, 52.41470240160481],
                        [-1.95904570886041, 52.414095379974725],
                        [-1.959128985222461, 52.41145677167999],
                        [-1.959762983100844, 52.41099494069491],
                        [-1.960896468126418, 52.410953077739954],
                        [-1.959576807201765, 52.41045544857271]
                    ]
                ],
                "type": "Polygon"
            },
            "properties": {
                "geo_point_2d": { "lon": -1.975608908702706, "lat": 52.407910169162285 },
                "lad25cd": "E08000025",
                "lad25nm": "Birmingham",
                "wd25cd": "E05011158",
                "wd25nm": "Northfield",
                "bng_e": "401579",
                "bng_n": "278488",
                "lat": 52.4044139886,
                "long": -1.97820865136
            }
        },
        {
            "type": "Feature",
            "geometry": {
                "coordinates": [
                    [
                        [-1.977941511551239, 52.44847012733457],
                        [-1.984671746620335, 52.447889509052914],
                        [-1.9858793952523, 52.44872845395542],
                        [-1.987443645585226, 52.448245822180354],
                        [-1.988632477366038, 52.448417689330036],
                        [-1.989443266969958, 52.44821545515588],
                        [-1.990583454938286, 52.44840347597041],
                        [-1.991826675934298, 52.4491254370174],
                        [-1.9943618606358, 52.448789359464094],
                        [-1.995465327690366, 52.44896474911459],
                        [-1.996539479964282, 52.44863755041326],
                        [-1.997851977461866, 52.4488505806021],
                        [-1.998943699062835, 52.448623211436335],
                        [-2.00226311623476, 52.448662731430275],
                        [-2.003091475455907, 52.44893413168519],
                        [-2.004583527923684, 52.44885409137322],
                        [-2.005619419219303, 52.449608359735116],
                        [-2.008003002378308, 52.449266605073],
                        [-2.00959967424937, 52.449919149827004],
                        [-2.013044278191539, 52.45035838763683],
                        [-2.012126642613567, 52.45217808167473],
                        [-2.011510917024691, 52.45534980777958],
                        [-2.011763067454358, 52.45720712239819],
                        [-2.013089979362839, 52.46026899325516],
                        [-2.013249515302212, 52.462132605663726],
                        [-2.013249528510873, 52.462175745005155],
                        [-2.007911199330357, 52.461899332040524],
                        [-2.004398030452094, 52.4625773531477],
                        [-2.00209321206288, 52.463382963637976],
                        [-1.997729164908542, 52.463097979535846],
                        [-1.987962916295476, 52.46535118303709],
                        [-1.981720103694587, 52.466276369442525],
                        [-1.977247769557856, 52.4674163754107],
                        [-1.968322575264639, 52.47222493822488],
                        [-1.96793555804309, 52.469948506542195],
                        [-1.964916899410514, 52.463617827161826],
                        [-1.961473197808705, 52.45967650094551],
                        [-1.969800146217048, 52.45985685180151],
                        [-1.97376736412755, 52.46078016830976],
                        [-1.976658286121715, 52.4602332539775],
                        [-1.9803183381358, 52.45721872250733],
                        [-1.981152008513659, 52.45559707677554],
                        [-1.977941511551239, 52.44847012733457]
                    ]
                ],
                "type": "Polygon"
            },
            "properties": {
                "geo_point_2d": { "lon": -1.9897675207886183, "lat": 52.45816235411707 },
                "lad25cd": "E08000025",
                "lad25nm": "Birmingham",
                "wd25cd": "E05011163",
                "wd25nm": "Quinton",
                "bng_e": "400447",
                "bng_n": "284679",
                "lat": 52.460073323,
                "long": -1.99484298908
            }
        },
        {
            "type": "Feature",
            "geometry": {
                "coordinates": [
                    [
                        [-1.857017170353704, 52.45190470402766],
                        [-1.856491100334291, 52.449402145664536],
                        [-1.855341607711817, 52.44769987434916],
                        [-1.855414478464198, 52.44656089507072],
                        [-1.85477740367182, 52.44566110172232],
                        [-1.855029783369697, 52.44319911991729],
                        [-1.855669647636301, 52.44323405413069],
                        [-1.854992886072246, 52.44054067717441],
                        [-1.855606786180654, 52.44038055126929],
                        [-1.855849796126631, 52.438053276004744],
                        [-1.858606980387929, 52.43790381179369],
                        [-1.859205980860142, 52.43688319022909],
                        [-1.860047588503012, 52.436797908134366],
                        [-1.859849788406242, 52.437483596571134],
                        [-1.861235649996995, 52.43835188798225],
                        [-1.861941708245636, 52.43790864305368],
                        [-1.868296433604883, 52.44236053003559],
                        [-1.869671933461202, 52.44286004566006],
                        [-1.871372290943432, 52.442989614605],
                        [-1.871080423158716, 52.44470455173997],
                        [-1.872889978868636, 52.449328297562424],
                        [-1.873528056727478, 52.454141301906354],
                        [-1.873596012576909, 52.454562165850376],
                        [-1.873023442124439, 52.454607390313654],
                        [-1.873060812767729, 52.45490320590298],
                        [-1.869564939445078, 52.455208668379335],
                        [-1.868824544899584, 52.45578861886471],
                        [-1.868368244470959, 52.45532687828329],
                        [-1.867809851703755, 52.45553575353555],
                        [-1.869281513218979, 52.457012581786046],
                        [-1.867234276607135, 52.457060725832065],
                        [-1.860167794343261, 52.455101698960085],
                        [-1.857679015222517, 52.45472566732788],
                        [-1.854890846955933, 52.453236214851046],
                        [-1.856847742849398, 52.452860133653544],
                        [-1.857017170353704, 52.45190470402766]
                    ]
                ],
                "type": "Polygon"
            },
            "properties": {
                "geo_point_2d": { "lon": -1.8635917790538536, "lat": 52.447649703556756 },
                "lad25cd": "E08000025",
                "lad25nm": "Birmingham",
                "wd25cd": "E05011171",
                "wd25nm": "Sparkhill",
                "bng_e": "409327",
                "bng_n": "283326",
                "lat": 52.4478316667,
                "long": -1.86419002605
            }
        },
        {
            "type": "Feature",
            "geometry": {
                "coordinates": [
                    [
                        [-1.902510876732311, 52.435082042477006],
                        [-1.906676173592952, 52.43179319774913],
                        [-1.91024138112218, 52.425970363809846],
                        [-1.911880186843273, 52.42422397836345],
                        [-1.916942524919481, 52.42073051393124],
                        [-1.924181144904358, 52.41656400166434],
                        [-1.926623553798939, 52.41558014852955],
                        [-1.930856649410382, 52.41444640242408],
                        [-1.928386694081398, 52.415395185288965],
                        [-1.927025885942655, 52.41676620585172],
                        [-1.926663208048661, 52.42180580127113],
                        [-1.92623523348685, 52.4218738406257],
                        [-1.926003391763264, 52.42421655105589],
                        [-1.926552324794428, 52.42660639159324],
                        [-1.926238792953501, 52.42680580842821],
                        [-1.927200547230248, 52.42948997024451],
                        [-1.925179747771304, 52.43040210930062],
                        [-1.923189507375311, 52.4305662068445],
                        [-1.920488669868256, 52.43165856183664],
                        [-1.916754410355292, 52.43239315186698],
                        [-1.916168253153361, 52.43357764604917],
                        [-1.91361055017362, 52.435031239457714],
                        [-1.912747749128182, 52.436218210517175],
                        [-1.912320784093705, 52.4379016952483],
                        [-1.911694872435183, 52.437515579564405],
                        [-1.907382594062045, 52.43647756484624],
                        [-1.904523613673892, 52.43620198923478],
                        [-1.902510876732311, 52.435082042477006]
                    ]
                ],
                "type": "Polygon"
            },
            "properties": {
                "geo_point_2d": { "lon": -1.917017027049448, "lat": 52.42735551678107 },
                "lad25cd": "E08000025",
                "lad25nm": "Birmingham",
                "wd25cd": "E05011172",
                "wd25nm": "Stirchley",
                "bng_e": "405762",
                "bng_n": "280975",
                "lat": 52.4267447412,
                "long": -1.91668231152
            }
        },
        {
            "type": "Feature",
            "geometry": {
                "coordinates": [
                    [
                        [-1.851404339805234, 52.53045016056543],
                        [-1.849145613690033, 52.52971016828041],
                        [-1.843842453916497, 52.528703644106336],
                        [-1.84338283869439, 52.5282157452843],
                        [-1.842948048200286, 52.525707886750816],
                        [-1.845716839394777, 52.52340384649887],
                        [-1.855046312024801, 52.51309788912705],
                        [-1.857132939180054, 52.51216097465344],
                        [-1.859120496605456, 52.51174714933509],
                        [-1.865643211107361, 52.51187065595976],
                        [-1.868300365566862, 52.51514601703624],
                        [-1.870634412000741, 52.51719464241082],
                        [-1.873794148772704, 52.51918029296996],
                        [-1.87752262266995, 52.52081234649871],
                        [-1.876229258697024, 52.521626333992],
                        [-1.874254289144262, 52.522170865972186],
                        [-1.878169301938103, 52.52733331543703],
                        [-1.880895511320498, 52.533587658454586],
                        [-1.876857384377128, 52.53473067582251],
                        [-1.875285126747791, 52.53235926015005],
                        [-1.872640722313172, 52.533306678391035],
                        [-1.871060969267337, 52.53109975503019],
                        [-1.867762955032679, 52.53173889637568],
                        [-1.86666467235603, 52.53319046622193],
                        [-1.860446287154486, 52.53142305717141],
                        [-1.855660315213991, 52.53126724085421],
                        [-1.851404339805234, 52.53045016056543]
                    ]
                ],
                "type": "Polygon"
            },
            "properties": {
                "geo_point_2d": { "lon": -1.8621155682903092, "lat": 52.52363543801664 },
                "lad25cd": "E08000025",
                "lad25nm": "Birmingham",
                "wd25cd": "E05011173",
                "wd25nm": "Stockland Green",
                "bng_e": "409467",
                "bng_n": "291550",
                "lat": 52.5217629581,
                "long": -1.8618992532
            }
        },
        {
            "type": "Feature",
            "geometry": {
                "coordinates": [
                    [
                        [-1.821555819143827, 52.57510483078421],
                        [-1.819063169582271, 52.57338844292606],
                        [-1.822632851858661, 52.57185746482855],
                        [-1.822084556803706, 52.5713451780203],
                        [-1.823100901432446, 52.57102935829124],
                        [-1.824291025307419, 52.57118211350261],
                        [-1.82446488817478, 52.57160396337887],
                        [-1.827070923274608, 52.57114935195812],
                        [-1.833443266117034, 52.57081506858649],
                        [-1.83623956293396, 52.57189231092024],
                        [-1.836317661093763, 52.57153373720592],
                        [-1.836889980535276, 52.57158305630628],
                        [-1.839184417316937, 52.57237104609644],
                        [-1.839829473815737, 52.57189271891327],
                        [-1.839704647464565, 52.57052522899625],
                        [-1.840778022426929, 52.570713699986605],
                        [-1.841526552638959, 52.57142128037016],
                        [-1.843964192623262, 52.571367892272406],
                        [-1.844682182148464, 52.573198189386176],
                        [-1.844360523949581, 52.574022168744484],
                        [-1.845152931870928, 52.57442862068382],
                        [-1.844987459554655, 52.574915693352786],
                        [-1.8481648107482, 52.57608131441948],
                        [-1.872428169907512, 52.584990243255156],
                        [-1.870814616282907, 52.586762827599884],
                        [-1.867718662442857, 52.588260713648815],
                        [-1.867967351429976, 52.58851450290097],
                        [-1.863918810435933, 52.59105943580666],
                        [-1.854686367805524, 52.601335952635075],
                        [-1.852803052700367, 52.60247671066966],
                        [-1.852807188694189, 52.60167748400234],
                        [-1.854162948572639, 52.6006579413692],
                        [-1.8537805490838, 52.60022779251519],
                        [-1.854225781712211, 52.59999098757821],
                        [-1.853084900302108, 52.59940882714937],
                        [-1.852401866682243, 52.59969925478819],
                        [-1.852592614675552, 52.600064462670666],
                        [-1.851239274138338, 52.60119102819586],
                        [-1.850568500586757, 52.600906998309355],
                        [-1.850966724554305, 52.600574882616144],
                        [-1.849809818854041, 52.59995222822517],
                        [-1.848166285406039, 52.598336482954196],
                        [-1.848946977388325, 52.59800297484917],
                        [-1.848646020950618, 52.597485737082714],
                        [-1.847727951589741, 52.597876494661556],
                        [-1.846348498765489, 52.59673927120847],
                        [-1.84665615130377, 52.59658329185352],
                        [-1.845455080620336, 52.595551528887064],
                        [-1.843657565017816, 52.59248902618145],
                        [-1.843373727559221, 52.592592902864716],
                        [-1.842812952537047, 52.59212922994991],
                        [-1.841480670867032, 52.59315226963896],
                        [-1.840745326740893, 52.591187936917656],
                        [-1.840496568760762, 52.5909826038982],
                        [-1.83990405006161, 52.59116253847806],
                        [-1.838317120198546, 52.589169086609274],
                        [-1.837053168699747, 52.58968070808554],
                        [-1.837851397284678, 52.590579895286055],
                        [-1.836693875012295, 52.59103135378963],
                        [-1.833936835468066, 52.58899767110058],
                        [-1.830610180013004, 52.585437528746006],
                        [-1.828702335265587, 52.58073581135335],
                        [-1.827509616163082, 52.57893969045394],
                        [-1.825751690924377, 52.577519382484745],
                        [-1.821555819143827, 52.57510483078421]
                    ]
                ],
                "type": "Polygon"
            },
            "properties": {
                "geo_point_2d": { "lon": -1.846168082474712, "lat": 52.58422994018763 },
                "lad25cd": "E08000025",
                "lad25nm": "Birmingham",
                "wd25cd": "E05011174",
                "wd25nm": "Sutton Four Oaks",
                "bng_e": "410176",
                "bng_n": "298755",
                "lat": 52.5865228153,
                "long": -1.85123040728
            }
        },
        {
            "type": "Feature",
            "geometry": {
                "coordinates": [
                    [
                        [-1.788009489104589, 52.587881939479026],
                        [-1.788467913364414, 52.58689534528809],
                        [-1.78829011209311, 52.58459456474502],
                        [-1.786806862106744, 52.5830564370036],
                        [-1.7848430317487, 52.581726012629076],
                        [-1.783856597215475, 52.58156864981105],
                        [-1.783614995455753, 52.58116099731057],
                        [-1.781365976950683, 52.580254282055236],
                        [-1.780275120016517, 52.57884360353134],
                        [-1.77950256832786, 52.57868210645508],
                        [-1.778691312819175, 52.57656445651503],
                        [-1.77915844263929, 52.576385492302514],
                        [-1.778839702064561, 52.57579874969677],
                        [-1.777954707096476, 52.57572609663396],
                        [-1.778006293099326, 52.575147233834535],
                        [-1.776656283695971, 52.57455315681015],
                        [-1.774717191321592, 52.57458453859625],
                        [-1.77391036056522, 52.5731488152318],
                        [-1.775443481856173, 52.57278437736447],
                        [-1.778153081474982, 52.570041285728],
                        [-1.778725512575984, 52.56890352275245],
                        [-1.781911751118812, 52.56988824021337],
                        [-1.784373088939524, 52.571024562533715],
                        [-1.78665768953132, 52.571508716607525],
                        [-1.787456130368243, 52.57042053767489],
                        [-1.788972129333952, 52.571017554600644],
                        [-1.791215038562559, 52.569109683978525],
                        [-1.789320660131433, 52.56823743817605],
                        [-1.792420679973784, 52.56753739255391],
                        [-1.792889914295018, 52.567881975591256],
                        [-1.793403879258938, 52.567298092225975],
                        [-1.795809695706641, 52.566816943340854],
                        [-1.797161576242728, 52.56789870967501],
                        [-1.797701644824195, 52.56778303414858],
                        [-1.797253078454851, 52.56729628629181],
                        [-1.797775574058001, 52.567041228875105],
                        [-1.797492867418906, 52.56651947051504],
                        [-1.798331666844055, 52.56650050221755],
                        [-1.798527228967483, 52.566988308730714],
                        [-1.799898688139629, 52.5669497184126],
                        [-1.799878144248384, 52.56724994435803],
                        [-1.801867117239753, 52.56736385962463],
                        [-1.803423072200787, 52.56681390694767],
                        [-1.805986912082336, 52.56704748741196],
                        [-1.80708382810904, 52.56687986001201],
                        [-1.807498050598932, 52.56695512728279],
                        [-1.808511818298343, 52.569274314317894],
                        [-1.807404421423223, 52.57081248830176],
                        [-1.807837769854777, 52.57228395555166],
                        [-1.807033307357319, 52.572356345124916],
                        [-1.806720349492796, 52.572701934890674],
                        [-1.807802438608508, 52.57630776182806],
                        [-1.808598475284411, 52.57614718933147],
                        [-1.808835939340306, 52.57651793690834],
                        [-1.809721287347548, 52.57618674270498],
                        [-1.810276928247022, 52.576697389174775],
                        [-1.811569640202887, 52.576330883675176],
                        [-1.815345443699953, 52.57607340671385],
                        [-1.8173460226985, 52.57650888108157],
                        [-1.818888988027664, 52.57485894127928],
                        [-1.819536964970468, 52.57479971430788],
                        [-1.820293212286428, 52.5753383902853],
                        [-1.818527852963226, 52.5779670786994],
                        [-1.819987568435696, 52.57864622314847],
                        [-1.820247799071737, 52.578504529262354],
                        [-1.820265356102774, 52.57891275655309],
                        [-1.819346738116793, 52.57908481491739],
                        [-1.8192491521972, 52.57985604110643],
                        [-1.819743993210291, 52.58369272886682],
                        [-1.818045929732817, 52.58531997144686],
                        [-1.819011114982545, 52.58569360917563],
                        [-1.818461778182672, 52.586139615225434],
                        [-1.821270387649323, 52.58724149106858],
                        [-1.821723569905267, 52.58832729190076],
                        [-1.820220941313106, 52.58871336185107],
                        [-1.82080254390714, 52.58943250199276],
                        [-1.820230705915886, 52.58957012909588],
                        [-1.820310653333389, 52.59058607707275],
                        [-1.820987872885879, 52.591023970263805],
                        [-1.820598072556606, 52.592867200627005],
                        [-1.819849741305149, 52.59284719328059],
                        [-1.818828142204832, 52.59392626115616],
                        [-1.818185910941213, 52.59573665276802],
                        [-1.816858433416257, 52.59722514056004],
                        [-1.818138842384147, 52.59820069574681],
                        [-1.818794300543747, 52.5982115849003],
                        [-1.818225074165336, 52.598777987619],
                        [-1.817233543833758, 52.59896438659168],
                        [-1.814775709234498, 52.59818111274532],
                        [-1.81394959916428, 52.59908869741558],
                        [-1.811727974169789, 52.5983040225077],
                        [-1.810167327518141, 52.602781122274926],
                        [-1.808868044029583, 52.602432938170615],
                        [-1.808476902772401, 52.603074174195754],
                        [-1.803876471611539, 52.60131630719259],
                        [-1.80168504938146, 52.60105643834788],
                        [-1.797578899186297, 52.59915355799218],
                        [-1.796535277084703, 52.59910683679615],
                        [-1.79434202517422, 52.59615203664695],
                        [-1.795334525240188, 52.5951158384495],
                        [-1.793665389970807, 52.59440625828402],
                        [-1.78963331800165, 52.591598851699956],
                        [-1.788009489104589, 52.587881939479026]
                    ]
                ],
                "type": "Polygon"
            },
            "properties": {
                "geo_point_2d": { "lon": -1.8010636176673638, "lat": 52.58345120481661 },
                "lad25cd": "E08000025",
                "lad25nm": "Birmingham",
                "wd25cd": "E05011177",
                "wd25nm": "Sutton Roughley",
                "bng_e": "413797",
                "bng_n": "298358",
                "lat": 52.5828748775,
                "long": -1.7978017067
            }
        },
        {
            "type": "Feature",
            "geometry": {
                "coordinates": [
                    [
                        [-1.80708382810904, 52.56687986001201],
                        [-1.807478792675622, 52.56596263220145],
                        [-1.810086590914878, 52.56607738111084],
                        [-1.814495416764498, 52.565579994266244],
                        [-1.81580809408092, 52.56494825861604],
                        [-1.815607231198583, 52.56359320617348],
                        [-1.816191575104451, 52.56355816391199],
                        [-1.816161412871842, 52.562654627173224],
                        [-1.816677878625035, 52.562267985161185],
                        [-1.815404835662893, 52.55979199380657],
                        [-1.815129105550485, 52.55695616821696],
                        [-1.814998252306763, 52.55510224730678],
                        [-1.814260402417631, 52.55168224004596],
                        [-1.816107160394994, 52.551615916554816],
                        [-1.816953876682864, 52.551229785342876],
                        [-1.818658728170397, 52.552310250569946],
                        [-1.820197244094541, 52.55403240004512],
                        [-1.821386426185859, 52.55466168923656],
                        [-1.821902910111652, 52.55423628943335],
                        [-1.823115914938643, 52.55445209244224],
                        [-1.822763807756623, 52.55470779371774],
                        [-1.823254974753996, 52.55507260156188],
                        [-1.824284547322521, 52.55542921924008],
                        [-1.824540420831794, 52.555244370286665],
                        [-1.825393275255565, 52.555916350417384],
                        [-1.826097146185653, 52.55545705574614],
                        [-1.82677437802855, 52.555769096797775],
                        [-1.827922310993975, 52.554136431620854],
                        [-1.828791934233369, 52.553912018936764],
                        [-1.828560739851347, 52.554949087143164],
                        [-1.829605517748272, 52.55594404724283],
                        [-1.830381189385772, 52.55599728511758],
                        [-1.83093163246699, 52.553231876053],
                        [-1.832115040217874, 52.55269863394472],
                        [-1.833265679447386, 52.55339425536314],
                        [-1.834399708658358, 52.555023980678165],
                        [-1.834690636474867, 52.55650405232813],
                        [-1.833218220855033, 52.55696860979703],
                        [-1.833198519768172, 52.55751428933013],
                        [-1.835308534390992, 52.55771136421541],
                        [-1.83518993287136, 52.55827128587381],
                        [-1.838798546282924, 52.55684502234129],
                        [-1.840634705833858, 52.55649691053792],
                        [-1.83972828661699, 52.557544863808],
                        [-1.840640067019329, 52.55787242034251],
                        [-1.840975679231216, 52.55849227309117],
                        [-1.839570008099121, 52.56009865258549],
                        [-1.843451552586475, 52.55907991950793],
                        [-1.840575458354081, 52.56063672812318],
                        [-1.840383633680722, 52.56107963253178],
                        [-1.839684378841414, 52.561088575542165],
                        [-1.838698091439511, 52.56172821044529],
                        [-1.840850152569508, 52.56260405109596],
                        [-1.84076835595026, 52.56319278751934],
                        [-1.84167353352514, 52.56417388091399],
                        [-1.845933101948454, 52.56571406519503],
                        [-1.847477970559113, 52.56688827044449],
                        [-1.845771360720594, 52.56681506386213],
                        [-1.850558153848344, 52.56828926022258],
                        [-1.854173414867273, 52.57035417788734],
                        [-1.856543285660674, 52.57113922802435],
                        [-1.850899610753241, 52.57288882704455],
                        [-1.853176838682175, 52.573204514013426],
                        [-1.854057454288457, 52.57418017822265],
                        [-1.853692831421857, 52.57553626424258],
                        [-1.852417888735276, 52.57597694733173],
                        [-1.849759420879977, 52.57496137645874],
                        [-1.8481648107482, 52.57608131441948],
                        [-1.844987459554655, 52.574915693352786],
                        [-1.845152931870928, 52.57442862068382],
                        [-1.844360523949581, 52.574022168744484],
                        [-1.844682182148464, 52.573198189386176],
                        [-1.843964192623262, 52.571367892272406],
                        [-1.841526552638959, 52.57142128037016],
                        [-1.840778022426929, 52.570713699986605],
                        [-1.839704647464565, 52.57052522899625],
                        [-1.839829473815737, 52.57189271891327],
                        [-1.839184417316937, 52.57237104609644],
                        [-1.836889980535276, 52.57158305630628],
                        [-1.836317661093763, 52.57153373720592],
                        [-1.83623956293396, 52.57189231092024],
                        [-1.833443266117034, 52.57081506858649],
                        [-1.827070923274608, 52.57114935195812],
                        [-1.82446488817478, 52.57160396337887],
                        [-1.824291025307419, 52.57118211350261],
                        [-1.823100901432446, 52.57102935829124],
                        [-1.822084556803706, 52.5713451780203],
                        [-1.822632851858661, 52.57185746482855],
                        [-1.819063169582271, 52.57338844292606],
                        [-1.821555819143827, 52.57510483078421],
                        [-1.820861469092451, 52.57495899931589],
                        [-1.820626406146711, 52.575409085436405],
                        [-1.820293212286428, 52.5753383902853],
                        [-1.819536964970468, 52.57479971430788],
                        [-1.818888988027664, 52.57485894127928],
                        [-1.8173460226985, 52.57650888108157],
                        [-1.815345443699953, 52.57607340671385],
                        [-1.811569640202887, 52.576330883675176],
                        [-1.810276928247022, 52.576697389174775],
                        [-1.809721287347548, 52.57618674270498],
                        [-1.808835939340306, 52.57651793690834],
                        [-1.808598475284411, 52.57614718933147],
                        [-1.807802438608508, 52.57630776182806],
                        [-1.806720349492796, 52.572701934890674],
                        [-1.807033307357319, 52.572356345124916],
                        [-1.807837769854777, 52.57228395555166],
                        [-1.807404421423223, 52.57081248830176],
                        [-1.808511818298343, 52.569274314317894],
                        [-1.807498050598932, 52.56695512728279],
                        [-1.80708382810904, 52.56687986001201]
                    ]
                ],
                "type": "Polygon"
            },
            "properties": {
                "geo_point_2d": { "lon": -1.82806994193201, "lat": 52.56559693227361 },
                "lad25cd": "E08000025",
                "lad25nm": "Birmingham",
                "wd25cd": "E05011178",
                "wd25nm": "Sutton Trinity",
                "bng_e": "411509",
                "bng_n": "296027",
                "lat": 52.5619720012,
                "long": -1.8316493607
            }
        },
        {
            "type": "Feature",
            "geometry": {
                "coordinates": [
                    [
                        [-1.728858051529731, 52.52445178912007],
                        [-1.729593032347168, 52.52429250618702],
                        [-1.730296882832808, 52.523319171112924],
                        [-1.73092389948379, 52.523097217995826],
                        [-1.731832868334228, 52.52294483204842],
                        [-1.73379276254576, 52.52346781089301],
                        [-1.734833553645732, 52.52341352449236],
                        [-1.736236739531113, 52.5225984473685],
                        [-1.737756707747496, 52.52227647623721],
                        [-1.738767692082627, 52.52160628171342],
                        [-1.741643979264253, 52.52071448303326],
                        [-1.743875726811098, 52.52062585932473],
                        [-1.745830281255509, 52.520054699126305],
                        [-1.746911927701424, 52.52008487517394],
                        [-1.748783254551036, 52.52067912666776],
                        [-1.751348066039038, 52.520583269026446],
                        [-1.753817548798016, 52.52119794735504],
                        [-1.754326516555006, 52.518460739375314],
                        [-1.757046466057068, 52.51828291562985],
                        [-1.757084420361183, 52.51781196656553],
                        [-1.754929739214787, 52.51571734193366],
                        [-1.754098433426011, 52.515761454679534],
                        [-1.753264762680494, 52.51410020638906],
                        [-1.753941261372884, 52.513814827386504],
                        [-1.753526196273317, 52.512946426701106],
                        [-1.760501819367321, 52.51431187985309],
                        [-1.764408725468388, 52.514477979270374],
                        [-1.768491824698297, 52.51422889934801],
                        [-1.773610202995911, 52.51323283545814],
                        [-1.784620328790304, 52.50990817640025],
                        [-1.791659489676236, 52.50915575743476],
                        [-1.787842518552856, 52.509942748960334],
                        [-1.784915785929836, 52.51097766849001],
                        [-1.784303171120813, 52.51149072209458],
                        [-1.783487726515119, 52.51342475045121],
                        [-1.784108348894211, 52.513665935305255],
                        [-1.777311846539998, 52.514941604629136],
                        [-1.774561938979913, 52.51585518108012],
                        [-1.772761568719948, 52.517219167451124],
                        [-1.771943434626904, 52.518966982471035],
                        [-1.772256162752692, 52.52062080507088],
                        [-1.773645402883733, 52.52216344792458],
                        [-1.783860295231818, 52.52791275216281],
                        [-1.789671346507264, 52.525634314515884],
                        [-1.792203395816331, 52.526297731906375],
                        [-1.794948863398919, 52.52642662912943],
                        [-1.797081015818821, 52.52689233739148],
                        [-1.799186344797076, 52.526773695543945],
                        [-1.800881768036449, 52.527025594137214],
                        [-1.800416786846014, 52.52783205379593],
                        [-1.803153247834612, 52.527990403114565],
                        [-1.807600305387213, 52.52937761906181],
                        [-1.810022148417475, 52.53073897054594],
                        [-1.811219070122228, 52.53213346734719],
                        [-1.811308905881938, 52.53352161157771],
                        [-1.810153659171252, 52.53511276882917],
                        [-1.809557952872268, 52.54059299390652],
                        [-1.807623800776794, 52.54223589589245],
                        [-1.811667679830669, 52.54650272803402],
                        [-1.808794025627869, 52.54709146946778],
                        [-1.8073916542155, 52.54675648977247],
                        [-1.808343278746778, 52.54936156124213],
                        [-1.809660018122667, 52.551103173417],
                        [-1.811220189619571, 52.55046109925164],
                        [-1.813208986222876, 52.555140783682944],
                        [-1.814998252306763, 52.55510224730678],
                        [-1.815129105550485, 52.55695616821696],
                        [-1.813731930011706, 52.556686969466334],
                        [-1.813444754432105, 52.556238861046715],
                        [-1.812338212158025, 52.556666796592594],
                        [-1.810831642082648, 52.555088482838144],
                        [-1.809301451915681, 52.55421579278931],
                        [-1.808620230236622, 52.553148533935236],
                        [-1.806140488537876, 52.55428436263701],
                        [-1.805960339273685, 52.55465452377411],
                        [-1.802400832223507, 52.55545498363366],
                        [-1.80141831896812, 52.55384327021631],
                        [-1.799292968006597, 52.554523803253296],
                        [-1.800173512473314, 52.55613446425643],
                        [-1.797906915845856, 52.55571172464796],
                        [-1.797694677165952, 52.55664451240363],
                        [-1.796792742892115, 52.55649827459159],
                        [-1.796590846734358, 52.55805587371424],
                        [-1.795372173373434, 52.55778406837651],
                        [-1.792036819833746, 52.56067657220439],
                        [-1.790489791348439, 52.560593861239646],
                        [-1.788188099455705, 52.55947409125053],
                        [-1.78669302288668, 52.55934738574208],
                        [-1.786402761602884, 52.559588620937646],
                        [-1.782888346042346, 52.558243670931446],
                        [-1.776277917066053, 52.55435138917727],
                        [-1.773935473483959, 52.55381831236837],
                        [-1.771364863565698, 52.5589249909889],
                        [-1.770159132148168, 52.563561443792196],
                        [-1.766921079050882, 52.56160254565728],
                        [-1.766926038477233, 52.55983871195987],
                        [-1.767738406231001, 52.55879032187915],
                        [-1.766300647129935, 52.557870523407935],
                        [-1.765346930953031, 52.556661286818624],
                        [-1.763431231335228, 52.5566035560158],
                        [-1.759959872647559, 52.55565264155442],
                        [-1.757820313012245, 52.55555572073723],
                        [-1.756407082203661, 52.55586387496126],
                        [-1.755767020872665, 52.554772039702],
                        [-1.753584218762376, 52.545286819617665],
                        [-1.752113404857972, 52.543825561364336],
                        [-1.746435345389109, 52.54169739650164],
                        [-1.74900052355294, 52.541246121590845],
                        [-1.748368568343348, 52.53650531942549],
                        [-1.750921911773331, 52.53626257373676],
                        [-1.750418965768754, 52.53395653689704],
                        [-1.749093392307977, 52.531406908992814],
                        [-1.746860775841049, 52.53129970540912],
                        [-1.743534515310128, 52.53267785992251],
                        [-1.742354388545565, 52.531289992858646],
                        [-1.739429039423334, 52.53189581294895],
                        [-1.738677759980921, 52.52906952951354],
                        [-1.739762511838487, 52.52910427155813],
                        [-1.738830469153664, 52.52869042110119],
                        [-1.736923776863068, 52.52906385115435],
                        [-1.731578262174188, 52.52770151479556],
                        [-1.73082891991202, 52.525865858433],
                        [-1.730426056994899, 52.52594501927538],
                        [-1.728858051529731, 52.52445178912007]
                    ]
                ],
                "type": "Polygon"
            },
            "properties": {
                "geo_point_2d": { "lon": -1.7754126259416514, "lat": 52.537579849432014 },
                "lad25cd": "E08000025",
                "lad25nm": "Birmingham",
                "wd25cd": "E05011180",
                "wd25nm": "Sutton Walmley & Minworth",
                "bng_e": "415562",
                "bng_n": "293480",
                "lat": 52.5389749387,
                "long": -1.77197996365
            }
        },
        {
            "type": "Feature",
            "geometry": {
                "coordinates": [
                    [
                        [-1.796172329768743, 52.483032543295316],
                        [-1.796546693395392, 52.481992086395465],
                        [-1.79751433985509, 52.48227603820148],
                        [-1.799848929994615, 52.48049825440434],
                        [-1.799467736483965, 52.4794798766449],
                        [-1.800857572547294, 52.47884932780214],
                        [-1.800461027705831, 52.47862038087002],
                        [-1.800746502911725, 52.478335871076425],
                        [-1.791652485843454, 52.47693481816414],
                        [-1.792657060370088, 52.4758901768855],
                        [-1.790973643961145, 52.47570648120511],
                        [-1.791339142007068, 52.47501401697424],
                        [-1.791838748232813, 52.47522529115519],
                        [-1.793957842918674, 52.473216984965305],
                        [-1.792690377914182, 52.472257344830375],
                        [-1.793196866675218, 52.47192650418508],
                        [-1.792298947928447, 52.47096211199158],
                        [-1.792155284210093, 52.46927537150497],
                        [-1.789779016575944, 52.46780667808363],
                        [-1.794693765058712, 52.4665872574015],
                        [-1.796533572095551, 52.46533902385305],
                        [-1.799188205189602, 52.46614370380261],
                        [-1.803792562635488, 52.4654690944881],
                        [-1.803670997755391, 52.46499597534385],
                        [-1.805380861090787, 52.464770425822906],
                        [-1.805601149700122, 52.46523471886958],
                        [-1.808045216478638, 52.46507054930693],
                        [-1.809339180028361, 52.46709094425869],
                        [-1.809991021446099, 52.466783633075934],
                        [-1.809724318481777, 52.469588985836424],
                        [-1.806959786898827, 52.47295659082045],
                        [-1.806560255177055, 52.47410758534522],
                        [-1.809878781631538, 52.48364508325891],
                        [-1.809895027100286, 52.48500436219872],
                        [-1.803825032298369, 52.48434180331494],
                        [-1.796172329768743, 52.483032543295316]
                    ]
                ],
                "type": "Polygon"
            },
            "properties": {
                "geo_point_2d": { "lon": -1.8014236102957866, "lat": 52.47400617568681 },
                "lad25cd": "E08000025",
                "lad25nm": "Birmingham",
                "wd25cd": "E05011185",
                "wd25nm": "Yardley East",
                "bng_e": "413688",
                "bng_n": "286041",
                "lat": 52.4721485831,
                "long": -1.79991498035
            }
        },
        {
            "type": "Feature",
            "geometry": {
                "coordinates": [
                    [
                        [-1.831908794915586, 52.48959549636272],
                        [-1.832298986939006, 52.48923197041715],
                        [-1.831805111203563, 52.48898582501523],
                        [-1.83210835559242, 52.48785627161349],
                        [-1.830689792546809, 52.486805964294284],
                        [-1.830861462266334, 52.48503524508109],
                        [-1.848940875274465, 52.483585287301985],
                        [-1.86690568278407, 52.482141424992626],
                        [-1.866925106065887, 52.48496429559255],
                        [-1.865422308043496, 52.48860716155756],
                        [-1.864521750259454, 52.49270824375339],
                        [-1.86167630530147, 52.49595029772429],
                        [-1.857371907436875, 52.49885171112536],
                        [-1.852412699494489, 52.497372162444655],
                        [-1.845522064669556, 52.49399932081762],
                        [-1.831908794915586, 52.48959549636272]
                    ]
                ],
                "type": "Polygon"
            },
            "properties": {
                "geo_point_2d": { "lon": -1.8512420145206099, "lat": 52.48924151924557 },
                "lad25cd": "E08000025",
                "lad25nm": "Birmingham",
                "wd25cd": "E05011120",
                "wd25nm": "Alum Rock",
                "bng_e": "410291",
                "bng_n": "288074",
                "lat": 52.4904989244,
                "long": -1.84986241177
            }
        },
        {
            "type": "Feature",
            "geometry": {
                "coordinates": [
                    [
                        [-1.977941511551239, 52.44847012733457],
                        [-1.976790975187723, 52.44845103612327],
                        [-1.972444304263757, 52.44645256567544],
                        [-1.970658147696732, 52.44646202636667],
                        [-1.976925149645333, 52.44492789643824],
                        [-1.976909364520236, 52.444253655964154],
                        [-1.979108448158213, 52.441948061892326],
                        [-1.97858688647625, 52.44040168049681],
                        [-1.976575529574136, 52.43849003265803],
                        [-1.976127279850384, 52.43752981504571],
                        [-1.976499572724343, 52.434628829214994],
                        [-1.975215528978277, 52.43173290118241],
                        [-1.975639417205745, 52.42851997071475],
                        [-1.975359550435578, 52.42675962792798],
                        [-1.980329565730119, 52.42504789665187],
                        [-1.980723797152296, 52.42465421931081],
                        [-1.97931549573234, 52.42359409164773],
                        [-1.978259804387765, 52.423347558537884],
                        [-1.975027809806871, 52.420447657944266],
                        [-1.978788001093847, 52.419655418304295],
                        [-1.983573231035194, 52.41813054487225],
                        [-1.984787993859171, 52.41733243649521],
                        [-1.985048570928991, 52.41643614813038],
                        [-1.986043876236948, 52.41671137403774],
                        [-1.988225775737673, 52.41697413142958],
                        [-1.988703690047737, 52.41635386050665],
                        [-1.991048999271781, 52.41539841670831],
                        [-1.997068115867833, 52.41741154219384],
                        [-1.997016683056222, 52.4179276024406],
                        [-1.999025096836642, 52.41869893759493],
                        [-2.00037492334231, 52.420229055380794],
                        [-2.002049728749157, 52.42097337724068],
                        [-2.001282195876653, 52.42185712851586],
                        [-2.0028262370417, 52.42231653816486],
                        [-2.001655790370027, 52.422984511659855],
                        [-2.003398513275374, 52.42537756429787],
                        [-2.003522142182924, 52.42624601991661],
                        [-2.004323637660959, 52.42635662656724],
                        [-2.004692963052533, 52.42839550831101],
                        [-2.006565132536801, 52.42791359757004],
                        [-2.007303378763397, 52.42807892167471],
                        [-2.009747348946401, 52.42650728129764],
                        [-2.013184843791447, 52.428705903634494],
                        [-2.012577767120391, 52.429790218846954],
                        [-2.013789591000013, 52.4295374430858],
                        [-2.015465829964339, 52.42859687425787],
                        [-2.015286285147199, 52.43215961694866],
                        [-2.015811439953752, 52.43264954296216],
                        [-2.016996991775988, 52.43266824953844],
                        [-2.01700751264477, 52.44065944099288],
                        [-2.017440957737994, 52.443241289763485],
                        [-2.01651845727274, 52.44671695641375],
                        [-2.015274025513638, 52.447644000770815],
                        [-2.013239349967463, 52.44834104621223],
                        [-2.013517929242954, 52.44964365236857],
                        [-2.013044278191539, 52.45035838763683],
                        [-2.00959967424937, 52.449919149827004],
                        [-2.008003002378308, 52.449266605073],
                        [-2.005619419219303, 52.449608359735116],
                        [-2.004583527923684, 52.44885409137322],
                        [-2.003091475455907, 52.44893413168519],
                        [-2.00226311623476, 52.448662731430275],
                        [-1.998943699062835, 52.448623211436335],
                        [-1.997851977461866, 52.4488505806021],
                        [-1.996539479964282, 52.44863755041326],
                        [-1.995465327690366, 52.44896474911459],
                        [-1.9943618606358, 52.448789359464094],
                        [-1.991826675934298, 52.4491254370174],
                        [-1.990583454938286, 52.44840347597041],
                        [-1.989443266969958, 52.44821545515588],
                        [-1.988632477366038, 52.448417689330036],
                        [-1.987443645585226, 52.448245822180354],
                        [-1.9858793952523, 52.44872845395542],
                        [-1.984671746620335, 52.447889509052914],
                        [-1.977941511551239, 52.44847012733457]
                    ]
                ],
                "type": "Polygon"
            },
            "properties": {
                "geo_point_2d": { "lon": -1.9950217245443935, "lat": 52.43474350036621 },
                "lad25cd": "E08000025",
                "lad25nm": "Birmingham",
                "wd25cd": "E05011123",
                "wd25nm": "Bartley Green",
                "bng_e": "400501",
                "bng_n": "281629",
                "lat": 52.4326535451,
                "long": -1.9940515674
            }
        },
        {
            "type": "Feature",
            "geometry": {
                "coordinates": [
                    [
                        [-1.841714892373682, 52.475848135664],
                        [-1.841526226104772, 52.47551696800424],
                        [-1.842050620224901, 52.47541700914337],
                        [-1.841743121824194, 52.474948265316925],
                        [-1.844672943335981, 52.474528655315176],
                        [-1.844882577951702, 52.47477078087566],
                        [-1.84863626313374, 52.47408522237043],
                        [-1.848472775593587, 52.47365532500635],
                        [-1.849704209633913, 52.47347795386429],
                        [-1.849737939482842, 52.47394633029817],
                        [-1.850418361711006, 52.473856418333405],
                        [-1.851965395309885, 52.473496977201464],
                        [-1.851707102235962, 52.47280624212943],
                        [-1.852385980879121, 52.472736089465194],
                        [-1.852739057331273, 52.47325249488113],
                        [-1.853813851851721, 52.472789985805434],
                        [-1.85431460343225, 52.47317894776163],
                        [-1.854844751217492, 52.473120281455785],
                        [-1.85483739619132, 52.47266173512229],
                        [-1.857955520227078, 52.469461502591614],
                        [-1.854276765328193, 52.46812474373026],
                        [-1.856018143434103, 52.46723594932894],
                        [-1.858447662851888, 52.466549361990126],
                        [-1.859347355337894, 52.46459782772136],
                        [-1.864250132938704, 52.46605896568244],
                        [-1.868778039437806, 52.467987910402535],
                        [-1.869241447862643, 52.467568619958286],
                        [-1.872567148470394, 52.468957560932395],
                        [-1.876136823272335, 52.471066824157056],
                        [-1.874852022155413, 52.47300729342455],
                        [-1.870482447620429, 52.47406616902295],
                        [-1.865703068785866, 52.47473598447975],
                        [-1.860774062313886, 52.47611651454483],
                        [-1.847303520677797, 52.47800129941291],
                        [-1.841317772818348, 52.478601164351815],
                        [-1.839855922462533, 52.47611795702457],
                        [-1.841714892373682, 52.475848135664]
                    ]
                ],
                "type": "Polygon"
            },
            "properties": {
                "geo_point_2d": { "lon": -1.8597267533571877, "lat": 52.472323207842855 },
                "lad25cd": "E08000025",
                "lad25nm": "Birmingham",
                "wd25cd": "E05011127",
                "wd25nm": "Bordesley Green",
                "bng_e": "409215",
                "bng_n": "285973",
                "lat": 52.4716300217,
                "long": -1.86576639309
            }
        },
        {
            "type": "Feature",
            "geometry": {
                "coordinates": [
                    [
                        [-1.876740943895446, 52.431249792875114],
                        [-1.879839677036473, 52.429687807495206],
                        [-1.882201477711195, 52.429200271542804],
                        [-1.887418293034461, 52.42742618244302],
                        [-1.888462986971202, 52.4266289027546],
                        [-1.891114547758138, 52.42782607274134],
                        [-1.892693255563486, 52.42810441542481],
                        [-1.892134782035707, 52.421911629635844],
                        [-1.891302186938566, 52.418464080809784],
                        [-1.890301024827088, 52.41661389287219],
                        [-1.888072065165918, 52.415445773034996],
                        [-1.888636607450289, 52.41520908676487],
                        [-1.889697092161218, 52.41558439757728],
                        [-1.891358866320474, 52.414975372358455],
                        [-1.891781767820701, 52.415408675603665],
                        [-1.891828990151829, 52.41497593716777],
                        [-1.893164230977186, 52.41486836839526],
                        [-1.893102459939658, 52.414633222594105],
                        [-1.896479815121559, 52.41426991103108],
                        [-1.897426176450534, 52.41421483344742],
                        [-1.898026531421508, 52.414774659074936],
                        [-1.89977285753186, 52.414589155033106],
                        [-1.903688373909956, 52.41404228052436],
                        [-1.903823032524493, 52.41365514289745],
                        [-1.904830097045229, 52.41421351014964],
                        [-1.906029782411886, 52.41347043144637],
                        [-1.907251962989482, 52.41385292295062],
                        [-1.907684316993332, 52.41469529644278],
                        [-1.909370034997061, 52.415943949534224],
                        [-1.912723863502333, 52.41645358523161],
                        [-1.913849774916871, 52.41600437506795],
                        [-1.914128213151049, 52.4153506706689],
                        [-1.916301200807293, 52.41538547724746],
                        [-1.917824876758619, 52.41589981826266],
                        [-1.916900886582992, 52.417782591498145],
                        [-1.915538366041025, 52.41836329921902],
                        [-1.915922565179589, 52.419633862241746],
                        [-1.916942524919481, 52.42073051393124],
                        [-1.911880186843273, 52.42422397836345],
                        [-1.91024138112218, 52.425970363809846],
                        [-1.906676173592952, 52.43179319774913],
                        [-1.902510876732311, 52.435082042477006],
                        [-1.892498403395694, 52.439341799483735],
                        [-1.889999218571535, 52.441057548077126],
                        [-1.889762365437734, 52.44045948352157],
                        [-1.889488260859952, 52.4406470658614],
                        [-1.888070433149355, 52.439940939515665],
                        [-1.888548436577663, 52.439412748581766],
                        [-1.887416107165821, 52.43925799328563],
                        [-1.88756986182905, 52.43836631341638],
                        [-1.888919760426941, 52.43682758622544],
                        [-1.887880157336531, 52.434947689556594],
                        [-1.883845135307173, 52.432221592595866],
                        [-1.881229924408158, 52.43173448652931],
                        [-1.878646923686402, 52.43181635208127],
                        [-1.876740943895446, 52.431249792875114]
                    ]
                ],
                "type": "Polygon"
            },
            "properties": {
                "geo_point_2d": { "lon": -1.8991097943282118, "lat": 52.425656787934486 },
                "lad25cd": "E08000025",
                "lad25nm": "Birmingham",
                "wd25cd": "E05011130",
                "wd25nm": "Brandwood & King's Heath",
                "bng_e": "407082",
                "bng_n": "280867",
                "lat": 52.4257584892,
                "long": -1.89727217537
            }
        },
        {
            "type": "Feature",
            "geometry": {
                "coordinates": [
                    [
                        [-1.791659489676236, 52.50915575743476],
                        [-1.793927154492368, 52.508824404597036],
                        [-1.794832730969119, 52.508289251106895],
                        [-1.794032283101266, 52.50774754257348],
                        [-1.794314747929599, 52.506568622551924],
                        [-1.79869778839605, 52.5056105470138],
                        [-1.799365704745064, 52.50484847306237],
                        [-1.799301758521821, 52.503685040233265],
                        [-1.798603482751252, 52.50303838348299],
                        [-1.797448709928447, 52.5026696410524],
                        [-1.79209965470442, 52.50298670790484],
                        [-1.787844970181482, 52.50238492152336],
                        [-1.788374617254357, 52.5022438680877],
                        [-1.788600939612251, 52.501729116170196],
                        [-1.787587525624262, 52.500783360840366],
                        [-1.787846110634773, 52.50063193725857],
                        [-1.786884510382895, 52.49902551655693],
                        [-1.791614480685036, 52.49903482873803],
                        [-1.791726099491252, 52.498776997411426],
                        [-1.791896009189999, 52.49586727452496],
                        [-1.791386708760703, 52.4951650936259],
                        [-1.790102859429265, 52.49444006112189],
                        [-1.791321516300856, 52.49369608195241],
                        [-1.793046781127144, 52.49359656145956],
                        [-1.795223203555458, 52.49527253491882],
                        [-1.796272958922212, 52.49537769927817],
                        [-1.797224668845366, 52.49435629894298],
                        [-1.798546465317975, 52.49389642255415],
                        [-1.798748309444589, 52.49258874195771],
                        [-1.799948270557023, 52.49171962779318],
                        [-1.80353413224749, 52.49080774633367],
                        [-1.807486772050748, 52.49054362402832],
                        [-1.808600653466048, 52.49009507044058],
                        [-1.811017298055462, 52.490812727490635],
                        [-1.813541573359462, 52.48909519327133],
                        [-1.815517767633682, 52.489477644585236],
                        [-1.817435588145939, 52.49153396154177],
                        [-1.818281758658911, 52.493504935975665],
                        [-1.820203867624841, 52.49601426671648],
                        [-1.821615276975994, 52.496682542798744],
                        [-1.824718738824193, 52.497416229082425],
                        [-1.828890501664222, 52.49964553044703],
                        [-1.829396932089642, 52.502012453958066],
                        [-1.830521003623278, 52.50354596198393],
                        [-1.830691257133515, 52.50447486968798],
                        [-1.831375967349979, 52.50495406239255],
                        [-1.823122375288945, 52.50651796561362],
                        [-1.807739968794664, 52.50883054364556],
                        [-1.802348551271842, 52.509233384274204],
                        [-1.79659794030394, 52.50923893272448],
                        [-1.791659489676236, 52.50915575743476]
                    ]
                ],
                "type": "Polygon"
            },
            "properties": {
                "geo_point_2d": { "lon": -1.8089954487272644, "lat": 52.500118666689836 },
                "lad25cd": "E08000025",
                "lad25nm": "Birmingham",
                "wd25cd": "E05011131",
                "wd25nm": "Bromford & Hodge Hill",
                "bng_e": "413160",
                "bng_n": "289050",
                "lat": 52.4992120949,
                "long": -1.80756905597
            }
        },
        {
            "type": "Feature",
            "geometry": {
                "coordinates": [
                    [
                        [-1.791659489676236, 52.50915575743476],
                        [-1.79659794030394, 52.50923893272448],
                        [-1.798704011595647, 52.51575806147132],
                        [-1.80065441450458, 52.519123873948985],
                        [-1.79798799735259, 52.52037888154887],
                        [-1.794388591271983, 52.52287448440761],
                        [-1.789482740351404, 52.52532430532813],
                        [-1.789671346507264, 52.525634314515884],
                        [-1.783860295231818, 52.52791275216281],
                        [-1.773645402883733, 52.52216344792458],
                        [-1.772256162752692, 52.52062080507088],
                        [-1.771943434626904, 52.518966982471035],
                        [-1.772761568719948, 52.517219167451124],
                        [-1.774561938979913, 52.51585518108012],
                        [-1.777311846539998, 52.514941604629136],
                        [-1.784108348894211, 52.513665935305255],
                        [-1.783487726515119, 52.51342475045121],
                        [-1.784303171120813, 52.51149072209458],
                        [-1.784915785929836, 52.51097766849001],
                        [-1.787842518552856, 52.509942748960334],
                        [-1.791659489676236, 52.50915575743476]
                    ]
                ],
                "type": "Polygon"
            },
            "properties": {
                "geo_point_2d": { "lon": -1.7867470538107268, "lat": 52.51827599692147 },
                "lad25cd": "E08000025",
                "lad25nm": "Birmingham",
                "wd25cd": "E05011132",
                "wd25nm": "Castle Vale",
                "bng_e": "414610",
                "bng_n": "291205",
                "lat": 52.5185487213,
                "long": -1.78611439553
            }
        },
        {
            "type": "Feature",
            "geometry": {
                "coordinates": [
                    [
                        [-1.931534085689989, 52.47183180044773],
                        [-1.921440585226823, 52.47218342938939],
                        [-1.919082425899209, 52.47284529438635],
                        [-1.918663454722112, 52.47249440992834],
                        [-1.917916810203536, 52.47264308629854],
                        [-1.913369760125107, 52.47165186980283],
                        [-1.905192430738145, 52.468064945942984],
                        [-1.901232885318659, 52.46731549127768],
                        [-1.901213719811925, 52.46731098122689],
                        [-1.902379620827041, 52.46464466265759],
                        [-1.904218137598342, 52.46254607278031],
                        [-1.903378141456029, 52.46231971768192],
                        [-1.903823818246382, 52.46178434037893],
                        [-1.902154414364716, 52.461280398713434],
                        [-1.904598213832065, 52.458268907192654],
                        [-1.900850977104615, 52.45711876911462],
                        [-1.900818393570304, 52.45590238446435],
                        [-1.901403372111564, 52.454911288808574],
                        [-1.908567213614553, 52.449786373068655],
                        [-1.911121248001017, 52.44994388612874],
                        [-1.915207077937626, 52.449339146708766],
                        [-1.919140672783251, 52.44740096573789],
                        [-1.92405045866074, 52.44651238591142],
                        [-1.927555592162794, 52.44716185222052],
                        [-1.929408745268886, 52.446623542804744],
                        [-1.930242199495454, 52.4471248149556],
                        [-1.932431452158845, 52.447153043796376],
                        [-1.934405214051016, 52.44770256348425],
                        [-1.938082628816026, 52.447301720362425],
                        [-1.945219479115493, 52.44652224024045],
                        [-1.946514668109933, 52.448558123986366],
                        [-1.945305108625361, 52.44988097345343],
                        [-1.946370385116655, 52.454714448455064],
                        [-1.944725340546268, 52.458146980220086],
                        [-1.942483910234618, 52.460501249218964],
                        [-1.944139902340304, 52.462553596414836],
                        [-1.943900672185529, 52.46325917509493],
                        [-1.945128106755024, 52.46331726778047],
                        [-1.948094430582593, 52.464114255689715],
                        [-1.949766685214594, 52.46651622930028],
                        [-1.952923151214198, 52.46877578571089],
                        [-1.953720519935741, 52.470553357142144],
                        [-1.953060257159252, 52.47271609549311],
                        [-1.952651595716974, 52.473485524364584],
                        [-1.950907584265264, 52.473027179467806],
                        [-1.949713650196143, 52.47304645322215],
                        [-1.949811279896257, 52.47258265427764],
                        [-1.947750179061458, 52.47273365390598],
                        [-1.94782703853524, 52.47240286124762],
                        [-1.946633136265204, 52.47240862256802],
                        [-1.945896098777615, 52.47202443837769],
                        [-1.944093385634754, 52.47259358458174],
                        [-1.943562032298295, 52.47255289030405],
                        [-1.943627667515146, 52.471910143032005],
                        [-1.942999054526166, 52.471903552055515],
                        [-1.943313474666626, 52.47234057995383],
                        [-1.939038068167527, 52.47254436460582],
                        [-1.938668117529103, 52.47288218991535],
                        [-1.936129740001636, 52.47207261631185],
                        [-1.931534085689989, 52.47183180044773]
                    ]
                ],
                "type": "Polygon"
            },
            "properties": {
                "geo_point_2d": { "lon": -1.9264519129004127, "lat": 52.460279078062186 },
                "lad25cd": "E08000025",
                "lad25nm": "Birmingham",
                "wd25cd": "E05011134",
                "wd25nm": "Edgbaston",
                "bng_e": "405039",
                "bng_n": "284620",
                "lat": 52.4595204682,
                "long": -1.92726206628
            }
        },
        {
            "type": "Feature",
            "geometry": {
                "coordinates": [
                    [
                        [-1.767651270580606, 52.472947213555024],
                        [-1.768688489698571, 52.47278288669562],
                        [-1.768684050769745, 52.472239858475916],
                        [-1.767742014562502, 52.47219487558814],
                        [-1.767614324937793, 52.471017902014616],
                        [-1.768939221775447, 52.47100422761378],
                        [-1.768746646404589, 52.46955741608964],
                        [-1.767815814745497, 52.469377554463755],
                        [-1.768842957289172, 52.469151283391156],
                        [-1.769157843252121, 52.468607978652486],
                        [-1.77379104513962, 52.46647009218428],
                        [-1.774290587515897, 52.46606472433361],
                        [-1.773699442883253, 52.46565898260025],
                        [-1.776510381347612, 52.464300567903024],
                        [-1.777754764962909, 52.46447375990583],
                        [-1.781874968533055, 52.46290906949032],
                        [-1.782542362304506, 52.46366002764416],
                        [-1.783940679401739, 52.46365000427144],
                        [-1.783145041385034, 52.46382838885833],
                        [-1.784053795742586, 52.465211775905516],
                        [-1.783639714922232, 52.46531078043078],
                        [-1.784150011212558, 52.46571362904311],
                        [-1.784027010815842, 52.46617275225232],
                        [-1.785176304178888, 52.466226070873894],
                        [-1.786869642604752, 52.467946266331204],
                        [-1.787989814346995, 52.468564993608915],
                        [-1.789779016575944, 52.46780667808363],
                        [-1.792155284210093, 52.46927537150497],
                        [-1.792298947928447, 52.47096211199158],
                        [-1.793196866675218, 52.47192650418508],
                        [-1.792690377914182, 52.472257344830375],
                        [-1.793957842918674, 52.473216984965305],
                        [-1.791838748232813, 52.47522529115519],
                        [-1.791339142007068, 52.47501401697424],
                        [-1.790973643961145, 52.47570648120511],
                        [-1.792657060370088, 52.4758901768855],
                        [-1.791652485843454, 52.47693481816414],
                        [-1.800746502911725, 52.478335871076425],
                        [-1.800461027705831, 52.47862038087002],
                        [-1.800857572547294, 52.47884932780214],
                        [-1.799467736483965, 52.4794798766449],
                        [-1.799848929994615, 52.48049825440434],
                        [-1.79751433985509, 52.48227603820148],
                        [-1.796546693395392, 52.481992086395465],
                        [-1.796172329768743, 52.483032543295316],
                        [-1.787043024986685, 52.48082292984754],
                        [-1.781015884293891, 52.47885205877419],
                        [-1.7742217237035, 52.47609562857837],
                        [-1.767651270580606, 52.472947213555024]
                    ]
                ],
                "type": "Polygon"
            },
            "properties": {
                "geo_point_2d": { "lon": -1.7831993888040134, "lat": 52.47316904138726 },
                "lad25cd": "E08000025",
                "lad25nm": "Birmingham",
                "wd25cd": "E05011137",
                "wd25nm": "Garretts Green",
                "bng_e": "414995",
                "bng_n": "286136",
                "lat": 52.4729685847,
                "long": -1.78066935866
            }
        },
        {
            "type": "Feature",
            "geometry": {
                "coordinates": [
                    [
                        [-1.836895954985921, 52.51576053509078],
                        [-1.834875067304499, 52.5131586874379],
                        [-1.833367341862576, 52.50936283868545],
                        [-1.832975578178541, 52.506983605424274],
                        [-1.831677265606771, 52.50551368401831],
                        [-1.836190480890795, 52.50494014318402],
                        [-1.846225477703814, 52.50476485100696],
                        [-1.853338845120707, 52.50633811332789],
                        [-1.862367822144241, 52.50943061037891],
                        [-1.865643211107361, 52.51187065595976],
                        [-1.859120496605456, 52.51174714933509],
                        [-1.857132939180054, 52.51216097465344],
                        [-1.855046312024801, 52.51309788912705],
                        [-1.845716839394777, 52.52340384649887],
                        [-1.842948048200286, 52.525707886750816],
                        [-1.843562491408641, 52.522863401488735],
                        [-1.844303286246308, 52.52175776645146],
                        [-1.842256267404762, 52.52008018218595],
                        [-1.840843562858842, 52.518264200174045],
                        [-1.836895954985921, 52.51576053509078]
                    ]
                ],
                "type": "Polygon"
            },
            "properties": {
                "geo_point_2d": { "lon": -1.8458638815492774, "lat": 52.51189054726043 },
                "lad25cd": "E08000025",
                "lad25nm": "Birmingham",
                "wd25cd": "E05011139",
                "wd25nm": "Gravelly Hill",
                "bng_e": "410369",
                "bng_n": "290540",
                "lat": 52.5126667049,
                "long": -1.84863670911
            }
        },
        {
            "type": "Feature",
            "geometry": {
                "coordinates": [
                    [
                        [-1.929450236896783, 52.531291247983916],
                        [-1.924813525263107, 52.528315966479944],
                        [-1.919935726155875, 52.52356612755401],
                        [-1.917024440187084, 52.521432605064334],
                        [-1.911301473680815, 52.518629095569544],
                        [-1.904545747499324, 52.516729595266746],
                        [-1.906411701153258, 52.51653785315202],
                        [-1.906542577228436, 52.516012018040854],
                        [-1.907089578388407, 52.515835396678995],
                        [-1.908530444470791, 52.51601176859938],
                        [-1.911098074278358, 52.515728731255436],
                        [-1.914790461087326, 52.51439825821471],
                        [-1.919295584075938, 52.513369389579616],
                        [-1.923054191311175, 52.51275517399505],
                        [-1.92429169110125, 52.51283236106651],
                        [-1.925636438625125, 52.51321885706555],
                        [-1.932826245785686, 52.513863218871876],
                        [-1.935794069819604, 52.51372375837699],
                        [-1.939278093666917, 52.51438813562812],
                        [-1.940964656961168, 52.51487439062122],
                        [-1.943510775709638, 52.51504647710666],
                        [-1.945092130171906, 52.51489802759157],
                        [-1.946768353788058, 52.51425242077829],
                        [-1.948049944728101, 52.51337645257688],
                        [-1.949785055011393, 52.51010122309022],
                        [-1.950444062493281, 52.50970596660058],
                        [-1.952293637689966, 52.5093696070227],
                        [-1.954364861381225, 52.5096491172864],
                        [-1.956544312091258, 52.50935056413318],
                        [-1.959574769506186, 52.509651897999575],
                        [-1.962271580501775, 52.512635590731826],
                        [-1.962649416363253, 52.51364624546921],
                        [-1.962113994960583, 52.51592139899357],
                        [-1.96020615910709, 52.51705075488719],
                        [-1.959907882166033, 52.517707807679884],
                        [-1.958800571777051, 52.51839972412229],
                        [-1.958044532386292, 52.51996370436501],
                        [-1.959498490667787, 52.522274578355756],
                        [-1.960113697317609, 52.52488182752552],
                        [-1.962084639913499, 52.527946246950954],
                        [-1.960484703403718, 52.530208461978546],
                        [-1.960243408392478, 52.53133574962264],
                        [-1.958087068812516, 52.53138345613696],
                        [-1.957923769319565, 52.52995086103951],
                        [-1.957484438762201, 52.529700696416086],
                        [-1.954042243205829, 52.52993045769461],
                        [-1.95127718762065, 52.52977626034595],
                        [-1.949873583661981, 52.53041872368792],
                        [-1.947987305951502, 52.53257188935152],
                        [-1.947306544823101, 52.53281143974514],
                        [-1.947413093945214, 52.53346001665319],
                        [-1.946483148205807, 52.53374627115351],
                        [-1.94528668287572, 52.533375874338894],
                        [-1.944147902587054, 52.533418118895355],
                        [-1.942854685233544, 52.53381244782789],
                        [-1.939728655913917, 52.53316204209035],
                        [-1.939465178172367, 52.53276086977241],
                        [-1.93724321378574, 52.53199288092191],
                        [-1.933684386240271, 52.532737827810124],
                        [-1.932635037836348, 52.53246853015848],
                        [-1.932471127436679, 52.53265057208189],
                        [-1.929450236896783, 52.531291247983916]
                    ]
                ],
                "type": "Polygon"
            },
            "properties": {
                "geo_point_2d": { "lon": -1.9394584397660628, "lat": 52.52142311087237 },
                "lad25cd": "E08000025",
                "lad25nm": "Birmingham",
                "wd25cd": "E05011143",
                "wd25nm": "Handsworth Wood",
                "bng_e": "404296",
                "bng_n": "291524",
                "lat": 52.5215939042,
                "long": -1.9381103398
            }
        },
        {
            "type": "Feature",
            "geometry": {
                "coordinates": [
                    [
                        [-1.899913774672316, 52.48495628110336],
                        [-1.898859207147345, 52.4850444519899],
                        [-1.896019149492433, 52.486092890637096],
                        [-1.892563202278353, 52.485955000209216],
                        [-1.89156316224102, 52.48305296336588],
                        [-1.890161910630481, 52.48219948979604],
                        [-1.89280487891554, 52.479222589061834],
                        [-1.893367498883701, 52.478544368346775],
                        [-1.891551546708554, 52.47813730049123],
                        [-1.892857964282197, 52.47675308107915],
                        [-1.896357240214802, 52.476277072813296],
                        [-1.896876652814383, 52.476441096177794],
                        [-1.900422494231592, 52.47487717343974],
                        [-1.899619685258241, 52.47378785280057],
                        [-1.899594926158415, 52.47298408884163],
                        [-1.899976549695054, 52.470246938948236],
                        [-1.901232885318659, 52.46731549127768],
                        [-1.905192430738145, 52.468064945942984],
                        [-1.913369760125107, 52.47165186980283],
                        [-1.917916810203536, 52.47264308629854],
                        [-1.918663454722112, 52.47249440992834],
                        [-1.919082425899209, 52.47284529438635],
                        [-1.921440585226823, 52.47218342938939],
                        [-1.931534085689989, 52.47183180044773],
                        [-1.929528562037137, 52.474949254075405],
                        [-1.932430954111763, 52.475490363970344],
                        [-1.93245652799489, 52.47607294089009],
                        [-1.935481930788898, 52.47724514116811],
                        [-1.934839805147635, 52.47836938288489],
                        [-1.932281447124022, 52.47990704132461],
                        [-1.93210102249539, 52.48039693065557],
                        [-1.932826256804953, 52.48081265032036],
                        [-1.932715068690498, 52.481360099190354],
                        [-1.931235592243717, 52.482087409632044],
                        [-1.930091946519391, 52.483620439133496],
                        [-1.927385105082676, 52.485607362762806],
                        [-1.927694138092437, 52.48663067419187],
                        [-1.920928495067857, 52.48522298250021],
                        [-1.918828437425802, 52.48452486268827],
                        [-1.91479600928085, 52.48246599346196],
                        [-1.910782394823135, 52.482280600079314],
                        [-1.907277765851656, 52.48093025476934],
                        [-1.905241134339711, 52.481082419888935],
                        [-1.899913774672316, 52.48495628110336]
                    ]
                ],
                "type": "Polygon"
            },
            "properties": {
                "geo_point_2d": { "lon": -1.9127021053672628, "lat": 52.477841108558 },
                "lad25cd": "E08000025",
                "lad25nm": "Birmingham",
                "wd25cd": "E05011151",
                "wd25nm": "Ladywood",
                "bng_e": "405954",
                "bng_n": "286564",
                "lat": 52.4769879764,
                "long": -1.91376196863
            }
        },
        {
            "type": "Feature",
            "geometry": {
                "coordinates": [
                    [
                        [-1.952550375120841, 52.39330604131054],
                        [-1.953621646669237, 52.39335598505328],
                        [-1.958919630058246, 52.38823351768346],
                        [-1.959416226122905, 52.388227396829734],
                        [-1.959569771403125, 52.38897458200425],
                        [-1.960442574475723, 52.38907823178912],
                        [-1.964934982535464, 52.39217314482653],
                        [-1.966369751761771, 52.38945042912753],
                        [-1.968835453434738, 52.38944301005986],
                        [-1.968967802019401, 52.38919759605477],
                        [-1.96972419231635, 52.3896743087803],
                        [-1.970554475931248, 52.38964216129223],
                        [-1.971628898956997, 52.3892009548373],
                        [-1.972465639633973, 52.38811159320967],
                        [-1.975585655976741, 52.387096411215055],
                        [-1.97780548545357, 52.38768921232717],
                        [-1.978600425363078, 52.38749971996988],
                        [-1.978935349705503, 52.38785757274112],
                        [-1.983632944322179, 52.38731977295148],
                        [-1.988198854104165, 52.38448842644108],
                        [-1.98808606915115, 52.38358220293252],
                        [-1.988979561696496, 52.38262754193276],
                        [-1.992889142214903, 52.3819374098628],
                        [-1.994519911232129, 52.38116708212488],
                        [-1.998039215067224, 52.38104759140244],
                        [-2.000186187202175, 52.381618294829586],
                        [-2.001288247344653, 52.38355131041439],
                        [-2.000568348702451, 52.3843415910438],
                        [-2.000513964265624, 52.384782969554934],
                        [-2.000981204053166, 52.384917868351344],
                        [-2.000330328200084, 52.38564694108519],
                        [-2.000681527284731, 52.38597956807545],
                        [-2.000005670142273, 52.385952608436924],
                        [-2.000897531466582, 52.3862393953673],
                        [-2.000663850575449, 52.38647945381036],
                        [-1.993422458344394, 52.39147419582663],
                        [-1.988989631203253, 52.395534616137795],
                        [-1.982624065356352, 52.40133970743541],
                        [-1.981916062191551, 52.40023647697835],
                        [-1.98116200091778, 52.40039373226699],
                        [-1.981025397633836, 52.40018061616572],
                        [-1.979865200820502, 52.401260186629145],
                        [-1.9773510266236, 52.40020873773693],
                        [-1.970285209758472, 52.40557425613864],
                        [-1.963620783169146, 52.4089167465463],
                        [-1.963711249673065, 52.407965626770924],
                        [-1.963069139827664, 52.40764358762269],
                        [-1.960896036744146, 52.408131993036335],
                        [-1.957143491926951, 52.40771080526174],
                        [-1.95281058066663, 52.4084338265863],
                        [-1.952199147693862, 52.40704096938172],
                        [-1.951802325227238, 52.40693925104524],
                        [-1.952635421325287, 52.40594799538882],
                        [-1.952067133105591, 52.40537867897452],
                        [-1.948874399637258, 52.40543396991771],
                        [-1.948671738284633, 52.40524145994053],
                        [-1.950435670093963, 52.40389372356581],
                        [-1.951242648704706, 52.4026030922658],
                        [-1.950181654560252, 52.40107882147429],
                        [-1.951201720538298, 52.40102711654502],
                        [-1.950783953455888, 52.39997244025208],
                        [-1.952568787037103, 52.39944811536043],
                        [-1.952920584633469, 52.398978028937194],
                        [-1.952179325491262, 52.39808509333669],
                        [-1.952808592851272, 52.397856972376175],
                        [-1.951857112891642, 52.39708249601775],
                        [-1.954375354210518, 52.39635891597724],
                        [-1.952214937901879, 52.395052720984516],
                        [-1.953230120398664, 52.39397884676591],
                        [-1.952550375120841, 52.39330604131054]
                    ]
                ],
                "type": "Polygon"
            },
            "properties": {
                "geo_point_2d": { "lon": -1.9730778661104664, "lat": 52.39528962391202 },
                "lad25cd": "E08000025",
                "lad25nm": "Birmingham",
                "wd25cd": "E05011152",
                "wd25nm": "Longbridge & West Heath",
                "bng_e": "402068",
                "bng_n": "277440",
                "lat": 52.3949908537,
                "long": -1.97102653069
            }
        },
        {
            "type": "Feature",
            "geometry": {
                "coordinates": [
                    [
                        [-1.862367822144241, 52.50943061037891],
                        [-1.853338845120707, 52.50633811332789],
                        [-1.846225477703814, 52.50476485100696],
                        [-1.836190480890795, 52.50494014318402],
                        [-1.831677265606771, 52.50551368401831],
                        [-1.831375967349979, 52.50495406239255],
                        [-1.849999210735272, 52.50149909625132],
                        [-1.85397164929347, 52.500338036401885],
                        [-1.857371907436875, 52.49885171112536],
                        [-1.86167630530147, 52.49595029772429],
                        [-1.864521750259454, 52.49270824375339],
                        [-1.865422308043496, 52.48860716155756],
                        [-1.866925106065887, 52.48496429559255],
                        [-1.86690568278407, 52.482141424992626],
                        [-1.879053967381897, 52.481501775650514],
                        [-1.885620384212356, 52.48062195462804],
                        [-1.892054655490907, 52.478964779516076],
                        [-1.89280487891554, 52.479222589061834],
                        [-1.890161910630481, 52.48219948979604],
                        [-1.89156316224102, 52.48305296336588],
                        [-1.892563202278353, 52.485955000209216],
                        [-1.891744749577838, 52.486441462032126],
                        [-1.889355054333406, 52.490390377331224],
                        [-1.886104525101791, 52.498484469564936],
                        [-1.884428944323268, 52.50155922142233],
                        [-1.878260664808821, 52.50650472347371],
                        [-1.872544303936571, 52.50853489106681],
                        [-1.867603345807964, 52.50975391467997],
                        [-1.865313192303061, 52.50989791897897],
                        [-1.862367822144241, 52.50943061037891]
                    ]
                ],
                "type": "Polygon"
            },
            "properties": {
                "geo_point_2d": { "lon": -1.871927996080733, "lat": 52.495692806946614 },
                "lad25cd": "E08000025",
                "lad25nm": "Birmingham",
                "wd25cd": "E05011155",
                "wd25nm": "Nechells",
                "bng_e": "408552",
                "bng_n": "288510",
                "lat": 52.4944482666,
                "long": -1.87546275758
            }
        },
        {
            "type": "Feature",
            "geometry": {
                "coordinates": [
                    [
                        [-1.927694138092437, 52.48663067419187],
                        [-1.927385105082676, 52.485607362762806],
                        [-1.930091946519391, 52.483620439133496],
                        [-1.931235592243717, 52.482087409632044],
                        [-1.932715068690498, 52.481360099190354],
                        [-1.932826256804953, 52.48081265032036],
                        [-1.93210102249539, 52.48039693065557],
                        [-1.932281447124022, 52.47990704132461],
                        [-1.934839805147635, 52.47836938288489],
                        [-1.935481930788898, 52.47724514116811],
                        [-1.93245652799489, 52.47607294089009],
                        [-1.932430954111763, 52.475490363970344],
                        [-1.929528562037137, 52.474949254075405],
                        [-1.931534085689989, 52.47183180044773],
                        [-1.936129740001636, 52.47207261631185],
                        [-1.938668117529103, 52.47288218991535],
                        [-1.939038068167527, 52.47254436460582],
                        [-1.943313474666626, 52.47234057995383],
                        [-1.942999054526166, 52.471903552055515],
                        [-1.943627667515146, 52.471910143032005],
                        [-1.943562032298295, 52.47255289030405],
                        [-1.944093385634754, 52.47259358458174],
                        [-1.945896098777615, 52.47202443837769],
                        [-1.946633136265204, 52.47240862256802],
                        [-1.94782703853524, 52.47240286124762],
                        [-1.947750179061458, 52.47273365390598],
                        [-1.949811279896257, 52.47258265427764],
                        [-1.949713650196143, 52.47304645322215],
                        [-1.950907584265264, 52.473027179467806],
                        [-1.952651595716974, 52.473485524364584],
                        [-1.953060257159252, 52.47271609549311],
                        [-1.957836861938797, 52.473337295126974],
                        [-1.965751374553505, 52.47334702349265],
                        [-1.965812925580249, 52.47364910768391],
                        [-1.967135976946641, 52.474182611688875],
                        [-1.965380237323399, 52.47530760560987],
                        [-1.969030448793073, 52.47677849717862],
                        [-1.968411399318473, 52.477731268212565],
                        [-1.968698416901069, 52.47784737099515],
                        [-1.967038258216943, 52.47893826280691],
                        [-1.964695180973398, 52.48149881670014],
                        [-1.963798023933255, 52.482061337696145],
                        [-1.961397202512554, 52.482761779904095],
                        [-1.959207513218508, 52.482853709581306],
                        [-1.956129135335796, 52.48229342013826],
                        [-1.952492341736672, 52.48334561507541],
                        [-1.951572634642686, 52.48281121404193],
                        [-1.950782889665912, 52.483231679115065],
                        [-1.949524647293689, 52.4852125094547],
                        [-1.950726000168707, 52.485479129181414],
                        [-1.949710912715187, 52.48712743855493],
                        [-1.948434339872728, 52.48698489123862],
                        [-1.94803158574428, 52.48760862009356],
                        [-1.947096550830697, 52.48747600345169],
                        [-1.945951990123666, 52.490196774849665],
                        [-1.943943414906759, 52.48992074177875],
                        [-1.943034195138178, 52.49149714370967],
                        [-1.933780365908283, 52.486738477018925],
                        [-1.931319357801112, 52.486942980022114],
                        [-1.927694138092437, 52.48663067419187]
                    ]
                ],
                "type": "Polygon"
            },
            "properties": {
                "geo_point_2d": { "lon": -1.9465976047712907, "lat": 52.479798357096165 },
                "lad25cd": "E08000025",
                "lad25nm": "Birmingham",
                "wd25cd": "E05011157",
                "wd25nm": "North Edgbaston",
                "bng_e": "403608",
                "bng_n": "287084",
                "lat": 52.4816831017,
                "long": -1.94829626429
            }
        },
        {
            "type": "Feature",
            "geometry": {
                "coordinates": [
                    [
                        [-1.882015530328336, 52.55905704656373],
                        [-1.884856777458544, 52.5516154076699],
                        [-1.884048626387432, 52.54879719745258],
                        [-1.885335907501863, 52.545430822546535],
                        [-1.885514695051905, 52.54133162099314],
                        [-1.886532118529229, 52.54133080028495],
                        [-1.889048648543055, 52.54204605217144],
                        [-1.88929319662772, 52.541534813730834],
                        [-1.888454628132238, 52.541380255858705],
                        [-1.888166668774168, 52.54097996084466],
                        [-1.888627097838085, 52.54023957108861],
                        [-1.887272830019003, 52.53995779845459],
                        [-1.888779726528575, 52.538190070256455],
                        [-1.889594138012789, 52.53855041311082],
                        [-1.890468492511954, 52.53851976781062],
                        [-1.890941720199359, 52.53793584932863],
                        [-1.892877016439912, 52.53816687811085],
                        [-1.893796167934466, 52.53603528712529],
                        [-1.894577660364165, 52.53603059089088],
                        [-1.894556441625233, 52.535652117124975],
                        [-1.896900660257424, 52.535583177402366],
                        [-1.897806534308184, 52.53529897278475],
                        [-1.897456342806219, 52.53435563346642],
                        [-1.901390338397656, 52.53468260002668],
                        [-1.903996996292543, 52.53659328035801],
                        [-1.909101274650751, 52.538673005106965],
                        [-1.911205583371593, 52.53991520402773],
                        [-1.91851149771393, 52.547017076027714],
                        [-1.918163011766675, 52.54729103877068],
                        [-1.916805284386519, 52.54862866173557],
                        [-1.91184072090704, 52.551928894298555],
                        [-1.908162826842769, 52.553211646328336],
                        [-1.901285824853521, 52.554399009588295],
                        [-1.899799196925852, 52.55498391383821],
                        [-1.898102296554631, 52.55660781729903],
                        [-1.896688422924783, 52.55884244912228],
                        [-1.89328102755519, 52.56130706825032],
                        [-1.891639341272972, 52.56243923438358],
                        [-1.882722117202261, 52.559064937031266],
                        [-1.882015530328336, 52.55905704656373]
                    ]
                ],
                "type": "Polygon"
            },
            "properties": {
                "geo_point_2d": { "lon": -1.8981309555502432, "lat": 52.54766783261767 },
                "lad25cd": "E08000025",
                "lad25nm": "Birmingham",
                "wd25cd": "E05011159",
                "wd25nm": "Oscott",
                "bng_e": "406859",
                "bng_n": "294097",
                "lat": 52.5446991571,
                "long": -1.90028424728
            }
        },
        {
            "type": "Feature",
            "geometry": {
                "coordinates": [
                    [
                        [-1.811219070122228, 52.53213346734719],
                        [-1.810022148417475, 52.53073897054594],
                        [-1.807600305387213, 52.52937761906181],
                        [-1.803153247834612, 52.527990403114565],
                        [-1.800416786846014, 52.52783205379593],
                        [-1.800881768036449, 52.527025594137214],
                        [-1.799186344797076, 52.526773695543945],
                        [-1.797081015818821, 52.52689233739148],
                        [-1.794948863398919, 52.52642662912943],
                        [-1.792203395816331, 52.526297731906375],
                        [-1.789671346507264, 52.525634314515884],
                        [-1.789482740351404, 52.52532430532813],
                        [-1.794388591271983, 52.52287448440761],
                        [-1.79798799735259, 52.52037888154887],
                        [-1.80065441450458, 52.519123873948985],
                        [-1.798704011595647, 52.51575806147132],
                        [-1.79659794030394, 52.50923893272448],
                        [-1.802348551271842, 52.509233384274204],
                        [-1.807739968794664, 52.50883054364556],
                        [-1.823122375288945, 52.50651796561362],
                        [-1.831375967349979, 52.50495406239255],
                        [-1.831677265606771, 52.50551368401831],
                        [-1.832975578178541, 52.506983605424274],
                        [-1.833367341862576, 52.50936283868545],
                        [-1.834875067304499, 52.5131586874379],
                        [-1.836895954985921, 52.51576053509078],
                        [-1.833839582377556, 52.51696625626459],
                        [-1.830623712934904, 52.517453491833436],
                        [-1.826542136814941, 52.51770022410947],
                        [-1.822466213280939, 52.51728607461811],
                        [-1.822037859081905, 52.521184318044405],
                        [-1.824044365021325, 52.52287648229996],
                        [-1.823287938968771, 52.52332310640427],
                        [-1.822711760908891, 52.5229122435811],
                        [-1.819486506105906, 52.52413091164269],
                        [-1.818463139232569, 52.52460855282398],
                        [-1.819021566522969, 52.52537261061565],
                        [-1.817382968960502, 52.52562183276021],
                        [-1.817931155027849, 52.52706918575986],
                        [-1.816325517093607, 52.52717905100109],
                        [-1.816396719520539, 52.52744527575298],
                        [-1.815805399767615, 52.52749019338733],
                        [-1.815906654887935, 52.5279515800333],
                        [-1.814160072042802, 52.529658693237565],
                        [-1.814888797818975, 52.52989449214686],
                        [-1.814119595678496, 52.53159144229847],
                        [-1.815579934256735, 52.5317088513115],
                        [-1.815319354035515, 52.53231607771777],
                        [-1.811219070122228, 52.53213346734719]
                    ]
                ],
                "type": "Polygon"
            },
            "properties": {
                "geo_point_2d": { "lon": -1.8135567393079024, "lat": 52.51724258801871 },
                "lad25cd": "E08000025",
                "lad25nm": "Birmingham",
                "wd25cd": "E05011162",
                "wd25nm": "Pype Hayes",
                "bng_e": "412773",
                "bng_n": "291373",
                "lat": 52.520104705,
                "long": -1.81318042738
            }
        },
        {
            "type": "Feature",
            "geometry": {
                "coordinates": [
                    [
                        [-1.755844853890586, 52.49948068174248],
                        [-1.756966287623262, 52.49673932118551],
                        [-1.758970578221193, 52.495197136866004],
                        [-1.759907035374769, 52.494704553221666],
                        [-1.760344131212941, 52.49369318899191],
                        [-1.760846802325812, 52.49361960979276],
                        [-1.761015551988198, 52.49156570344387],
                        [-1.761602255368397, 52.49036311455825],
                        [-1.76236665258848, 52.490093140996116],
                        [-1.762332144720463, 52.48856386730471],
                        [-1.761120266010776, 52.488260262208364],
                        [-1.763431566498453, 52.48731016987549],
                        [-1.765932324662118, 52.48729446706724],
                        [-1.76762244002127, 52.4876538745362],
                        [-1.769034973925623, 52.48732392381264],
                        [-1.771630826521545, 52.48598947591051],
                        [-1.771667546332481, 52.48543933821463],
                        [-1.773724023957442, 52.485571893822105],
                        [-1.775828915650264, 52.48633461203612],
                        [-1.776317297499619, 52.48733430413355],
                        [-1.776118442298618, 52.48907532475521],
                        [-1.780645006931506, 52.49068130038424],
                        [-1.780962347611453, 52.49201867171164],
                        [-1.781698088293727, 52.4921477401161],
                        [-1.783102827468662, 52.493411609054895],
                        [-1.783349283523452, 52.494513284283066],
                        [-1.78429243431731, 52.49440625734917],
                        [-1.786343247128253, 52.495201043283416],
                        [-1.78640082355937, 52.49549961794598],
                        [-1.787994597913416, 52.495789267105074],
                        [-1.789639718835615, 52.4951970557191],
                        [-1.790102859429265, 52.49444006112189],
                        [-1.791386708760703, 52.4951650936259],
                        [-1.791896009189999, 52.49586727452496],
                        [-1.791726099491252, 52.498776997411426],
                        [-1.791614480685036, 52.49903482873803],
                        [-1.786884510382895, 52.49902551655693],
                        [-1.787846110634773, 52.50063193725857],
                        [-1.787587525624262, 52.500783360840366],
                        [-1.788600939612251, 52.501729116170196],
                        [-1.788374617254357, 52.5022438680877],
                        [-1.787844970181482, 52.50238492152336],
                        [-1.782548395153702, 52.50160851702744],
                        [-1.781986489236241, 52.501442027259856],
                        [-1.782171952729779, 52.50117265752944],
                        [-1.77940265417089, 52.50115225544944],
                        [-1.772463333481086, 52.501617439108905],
                        [-1.772030477311869, 52.50184677382652],
                        [-1.771544173573673, 52.50160668304465],
                        [-1.771406016987149, 52.50182849422374],
                        [-1.770363893456187, 52.50166192071592],
                        [-1.770278904267239, 52.50128239921673],
                        [-1.764181357067533, 52.5007849207836],
                        [-1.764190621718706, 52.499869755499226],
                        [-1.761549913131442, 52.49978178571505],
                        [-1.761499639182039, 52.50009453468264],
                        [-1.758898561605355, 52.499753950905],
                        [-1.758739055560808, 52.50009343901263],
                        [-1.755844853890586, 52.49948068174248]
                    ]
                ],
                "type": "Polygon"
            },
            "properties": {
                "geo_point_2d": { "lon": -1.773045475568289, "lat": 52.49515202560679 },
                "lad25cd": "E08000025",
                "lad25nm": "Birmingham",
                "wd25cd": "E05011165",
                "wd25nm": "Shard End",
                "bng_e": "415448",
                "bng_n": "288439",
                "lat": 52.4936598141,
                "long": -1.77389314352
            }
        },
        {
            "type": "Feature",
            "geometry": {
                "coordinates": [
                    [
                        [-1.759330287892977, 52.46893901516899],
                        [-1.758736188617589, 52.467203592931924],
                        [-1.759956319624653, 52.46697329782846],
                        [-1.761723097999693, 52.46716470354172],
                        [-1.763754245833575, 52.4661043919192],
                        [-1.763385093795077, 52.4638319025389],
                        [-1.754984355312062, 52.45626950710699],
                        [-1.759607023774508, 52.45189634427813],
                        [-1.761398731434373, 52.450908382157266],
                        [-1.762773053847732, 52.451180767622816],
                        [-1.766681764762134, 52.45107439261511],
                        [-1.766667474976601, 52.4507246625163],
                        [-1.769021262541704, 52.45108796630733],
                        [-1.772484193794195, 52.45070272770743],
                        [-1.773342025711962, 52.45099206054886],
                        [-1.774389849689926, 52.45066503118637],
                        [-1.777484497368688, 52.450616961594896],
                        [-1.777957567603279, 52.45017369038843],
                        [-1.779112823072452, 52.45013900163625],
                        [-1.779136440398021, 52.45041415199513],
                        [-1.781460099961818, 52.45065582091811],
                        [-1.781645183396829, 52.45103462414344],
                        [-1.782461544327848, 52.45108645624624],
                        [-1.7827099841946, 52.45084506016036],
                        [-1.788986656547843, 52.45308143095507],
                        [-1.789426796901308, 52.45275767839324],
                        [-1.790289565323847, 52.452958819918166],
                        [-1.790508645028575, 52.4526850004979],
                        [-1.79131384105984, 52.45295164182786],
                        [-1.790912221309906, 52.4532395201349],
                        [-1.79399452838406, 52.45428593712005],
                        [-1.794831151798907, 52.4550857427844],
                        [-1.795298291988484, 52.45524113519355],
                        [-1.795689200904073, 52.45503680645043],
                        [-1.798749483706807, 52.45745499283664],
                        [-1.798045222732371, 52.45793480172714],
                        [-1.803773244423346, 52.460855368128605],
                        [-1.806179726711229, 52.462843394089056],
                        [-1.808045216478638, 52.46507054930693],
                        [-1.805601149700122, 52.46523471886958],
                        [-1.805380861090787, 52.464770425822906],
                        [-1.803670997755391, 52.46499597534385],
                        [-1.803792562635488, 52.4654690944881],
                        [-1.799188205189602, 52.46614370380261],
                        [-1.796533572095551, 52.46533902385305],
                        [-1.794693765058712, 52.4665872574015],
                        [-1.789779016575944, 52.46780667808363],
                        [-1.787989814346995, 52.468564993608915],
                        [-1.786869642604752, 52.467946266331204],
                        [-1.785176304178888, 52.466226070873894],
                        [-1.784027010815842, 52.46617275225232],
                        [-1.784150011212558, 52.46571362904311],
                        [-1.783639714922232, 52.46531078043078],
                        [-1.784053795742586, 52.465211775905516],
                        [-1.783145041385034, 52.46382838885833],
                        [-1.783940679401739, 52.46365000427144],
                        [-1.782542362304506, 52.46366002764416],
                        [-1.781874968533055, 52.46290906949032],
                        [-1.777754764962909, 52.46447375990583],
                        [-1.776510381347612, 52.464300567903024],
                        [-1.773699442883253, 52.46565898260025],
                        [-1.774290587515897, 52.46606472433361],
                        [-1.77379104513962, 52.46647009218428],
                        [-1.769157843252121, 52.468607978652486],
                        [-1.768842957289172, 52.469151283391156],
                        [-1.767815814745497, 52.469377554463755],
                        [-1.768746646404589, 52.46955741608964],
                        [-1.768939221775447, 52.47100422761378],
                        [-1.767614324937793, 52.471017902014616],
                        [-1.767742014562502, 52.47219487558814],
                        [-1.768684050769745, 52.472239858475916],
                        [-1.768688489698571, 52.47278288669562],
                        [-1.767651270580606, 52.472947213555024],
                        [-1.759330287892977, 52.46893901516899]
                    ]
                ],
                "type": "Polygon"
            },
            "properties": {
                "geo_point_2d": { "lon": -1.778589916792373, "lat": 52.45971168753317 },
                "lad25cd": "E08000025",
                "lad25nm": "Birmingham",
                "wd25cd": "E05011166",
                "wd25nm": "Sheldon",
                "bng_e": "414863",
                "bng_n": "284868",
                "lat": 52.4615729788,
                "long": -1.78266888621
            }
        },
        {
            "type": "Feature",
            "geometry": {
                "coordinates": [
                    [
                        [-1.827525595085108, 52.469676003877815],
                        [-1.827518305951742, 52.469672847671745],
                        [-1.829376985289559, 52.467918859712675],
                        [-1.833644610802207, 52.466284275328846],
                        [-1.836519526544645, 52.46462785172165],
                        [-1.837725586209277, 52.464464050583665],
                        [-1.838808372990828, 52.46382454662802],
                        [-1.841134710014411, 52.463202882162605],
                        [-1.841653801266659, 52.46250956840089],
                        [-1.845828705600022, 52.460562466726465],
                        [-1.84662151021182, 52.45901181667672],
                        [-1.848163128790649, 52.45923857806642],
                        [-1.848838270799145, 52.45892389229698],
                        [-1.853332561477884, 52.46123454432187],
                        [-1.85965876555739, 52.4638699457435],
                        [-1.859347355337894, 52.46459782772136],
                        [-1.858447662851888, 52.466549361990126],
                        [-1.856018143434103, 52.46723594932894],
                        [-1.854276765328193, 52.46812474373026],
                        [-1.857955520227078, 52.469461502591614],
                        [-1.85483739619132, 52.47266173512229],
                        [-1.854844751217492, 52.473120281455785],
                        [-1.85431460343225, 52.47317894776163],
                        [-1.853813851851721, 52.472789985805434],
                        [-1.852739057331273, 52.47325249488113],
                        [-1.852385980879121, 52.472736089465194],
                        [-1.851707102235962, 52.47280624212943],
                        [-1.851965395309885, 52.473496977201464],
                        [-1.850418361711006, 52.473856418333405],
                        [-1.849737939482842, 52.47394633029817],
                        [-1.849704209633913, 52.47347795386429],
                        [-1.848472775593587, 52.47365532500635],
                        [-1.84863626313374, 52.47408522237043],
                        [-1.844882577951702, 52.47477078087566],
                        [-1.844672943335981, 52.474528655315176],
                        [-1.841743121824194, 52.474948265316925],
                        [-1.842050620224901, 52.47541700914337],
                        [-1.841526226104772, 52.47551696800424],
                        [-1.841714892373682, 52.475848135664],
                        [-1.840415194852274, 52.47577440359817],
                        [-1.83793544775428, 52.474682394697446],
                        [-1.838545498213378, 52.47412852525933],
                        [-1.835552794221017, 52.472844243548046],
                        [-1.832537746726125, 52.4720893927783],
                        [-1.832065921058654, 52.47267030027901],
                        [-1.831172163483552, 52.47232831721895],
                        [-1.829129989716907, 52.47124932790104],
                        [-1.829681310261589, 52.470675646537046],
                        [-1.829365565717703, 52.470499038948425],
                        [-1.828710139506424, 52.47096912338412],
                        [-1.828012293607623, 52.4706085267003],
                        [-1.828655845509334, 52.4701653008887],
                        [-1.827525595085108, 52.469676003877815]
                    ]
                ],
                "type": "Polygon"
            },
            "properties": {
                "geo_point_2d": { "lon": -1.844919436048662, "lat": 52.46787450563121 },
                "lad25cd": "E08000025",
                "lad25nm": "Birmingham",
                "wd25cd": "E05011167",
                "wd25nm": "Small Heath",
                "bng_e": "410747",
                "bng_n": "285505",
                "lat": 52.4673952081,
                "long": -1.84322814666
            }
        },
        {
            "type": "Feature",
            "geometry": {
                "coordinates": [
                    [
                        [-1.940630915833754, 52.50445223457496],
                        [-1.930520174993759, 52.50256336313064],
                        [-1.923441599349975, 52.500914775306335],
                        [-1.91928398822133, 52.49876251525012],
                        [-1.915791367025081, 52.49563877876805],
                        [-1.911374783599424, 52.49165128403744],
                        [-1.907076152975282, 52.48859678248169],
                        [-1.901706603639977, 52.48664075754843],
                        [-1.900246533757026, 52.48567312536258],
                        [-1.899913774672316, 52.48495628110336],
                        [-1.905241134339711, 52.481082419888935],
                        [-1.907277765851656, 52.48093025476934],
                        [-1.910782394823135, 52.482280600079314],
                        [-1.91479600928085, 52.48246599346196],
                        [-1.918828437425802, 52.48452486268827],
                        [-1.920928495067857, 52.48522298250021],
                        [-1.927694138092437, 52.48663067419187],
                        [-1.931319357801112, 52.486942980022114],
                        [-1.933780365908283, 52.486738477018925],
                        [-1.943034195138178, 52.49149714370967],
                        [-1.945689116726157, 52.493151611818476],
                        [-1.945533941472692, 52.49352919017611],
                        [-1.943830267985639, 52.494402149351046],
                        [-1.944316074354049, 52.49572037438784],
                        [-1.941419420440237, 52.49752768864919],
                        [-1.938137840066467, 52.49840975333711],
                        [-1.942590924240281, 52.49939817025891],
                        [-1.942468502021275, 52.49958244148501],
                        [-1.943007886718557, 52.499391180728225],
                        [-1.945719030667667, 52.4999570357235],
                        [-1.951044020940013, 52.50150292420865],
                        [-1.942520784237036, 52.504685126696344],
                        [-1.940630915833754, 52.50445223457496]
                    ]
                ],
                "type": "Polygon"
            },
            "properties": {
                "geo_point_2d": { "lon": -1.925880991693759, "lat": 52.49288443135019 },
                "lad25cd": "E08000025",
                "lad25nm": "Birmingham",
                "wd25cd": "E05011168",
                "wd25nm": "Soho & Jewellery Quarter",
                "bng_e": "404926",
                "bng_n": "288325",
                "lat": 52.4928295279,
                "long": -1.92887156139
            }
        },
        {
            "type": "Feature",
            "geometry": {
                "coordinates": [
                    [
                        [-1.859347355337894, 52.46459782772136],
                        [-1.85965876555739, 52.4638699457435],
                        [-1.853332561477884, 52.46123454432187],
                        [-1.848838270799145, 52.45892389229698],
                        [-1.844820439306211, 52.4568248981188],
                        [-1.847371546632711, 52.4553520261995],
                        [-1.846660495321132, 52.453718541251284],
                        [-1.843876817960104, 52.45317637864919],
                        [-1.843112886431707, 52.44990843593613],
                        [-1.846507322656168, 52.45037852139347],
                        [-1.846977287423041, 52.449334519528485],
                        [-1.847492229013437, 52.449348663966504],
                        [-1.847954913152118, 52.450447883901624],
                        [-1.850771040755041, 52.45050538790749],
                        [-1.852340919706726, 52.45097838616078],
                        [-1.852456574996038, 52.45071331144266],
                        [-1.853415893434617, 52.45073885776947],
                        [-1.853868926924179, 52.45124639902129],
                        [-1.856246762895274, 52.45123312992083],
                        [-1.856359279058266, 52.451927276136836],
                        [-1.857017170353704, 52.45190470402766],
                        [-1.856847742849398, 52.452860133653544],
                        [-1.854890846955933, 52.453236214851046],
                        [-1.857679015222517, 52.45472566732788],
                        [-1.860167794343261, 52.455101698960085],
                        [-1.867234276607135, 52.457060725832065],
                        [-1.869281513218979, 52.457012581786046],
                        [-1.867809851703755, 52.45553575353555],
                        [-1.868368244470959, 52.45532687828329],
                        [-1.868824544899584, 52.45578861886471],
                        [-1.869564939445078, 52.455208668379335],
                        [-1.873060812767729, 52.45490320590298],
                        [-1.873023442124439, 52.454607390313654],
                        [-1.873596012576909, 52.454562165850376],
                        [-1.873528056727478, 52.454141301906354],
                        [-1.874124727090517, 52.453896580060615],
                        [-1.873559602280124, 52.453377223915275],
                        [-1.873870553656066, 52.453211197866544],
                        [-1.875651472632307, 52.45309893969271],
                        [-1.875439549966917, 52.451534454421854],
                        [-1.876479873499987, 52.45102038327293],
                        [-1.876868951094916, 52.451325552006374],
                        [-1.877476130843658, 52.45098906217387],
                        [-1.878861350309437, 52.451840966542996],
                        [-1.882371148529296, 52.45283608516734],
                        [-1.882325593619, 52.45390680240369],
                        [-1.882971808867468, 52.45380938900287],
                        [-1.883159532479212, 52.45407479271752],
                        [-1.883518366386643, 52.45861415572896],
                        [-1.882646595645486, 52.462154519766926],
                        [-1.886633998974144, 52.46318952492207],
                        [-1.885650768280481, 52.4643213551428],
                        [-1.882335587613942, 52.46675522814964],
                        [-1.877983858630259, 52.46907029960953],
                        [-1.876136823272335, 52.471066824157056],
                        [-1.872567148470394, 52.468957560932395],
                        [-1.869241447862643, 52.467568619958286],
                        [-1.868778039437806, 52.467987910402535],
                        [-1.864250132938704, 52.46605896568244],
                        [-1.859347355337894, 52.46459782772136]
                    ]
                ],
                "type": "Polygon"
            },
            "properties": {
                "geo_point_2d": { "lon": -1.867018208715107, "lat": 52.45958729331011 },
                "lad25cd": "E08000025",
                "lad25nm": "Birmingham",
                "wd25cd": "E05011170",
                "wd25nm": "Sparkbrook & Balsall Heath East",
                "bng_e": "409116",
                "bng_n": "284704",
                "lat": 52.4602233603,
                "long": -1.86725771708
            }
        },
        {
            "type": "Feature",
            "geometry": {
                "coordinates": [
                    [
                        [-1.8481648107482, 52.57608131441948],
                        [-1.849759420879977, 52.57496137645874],
                        [-1.852417888735276, 52.57597694733173],
                        [-1.853692831421857, 52.57553626424258],
                        [-1.854057454288457, 52.57418017822265],
                        [-1.853176838682175, 52.573204514013426],
                        [-1.850899610753241, 52.57288882704455],
                        [-1.856543285660674, 52.57113922802435],
                        [-1.854173414867273, 52.57035417788734],
                        [-1.850558153848344, 52.56828926022258],
                        [-1.845771360720594, 52.56681506386213],
                        [-1.847477970559113, 52.56688827044449],
                        [-1.845933101948454, 52.56571406519503],
                        [-1.84167353352514, 52.56417388091399],
                        [-1.84076835595026, 52.56319278751934],
                        [-1.840850152569508, 52.56260405109596],
                        [-1.838698091439511, 52.56172821044529],
                        [-1.839684378841414, 52.561088575542165],
                        [-1.840383633680722, 52.56107963253178],
                        [-1.840575458354081, 52.56063672812318],
                        [-1.843451552586475, 52.55907991950793],
                        [-1.839570008099121, 52.56009865258549],
                        [-1.840975679231216, 52.55849227309117],
                        [-1.840640067019329, 52.55787242034251],
                        [-1.83972828661699, 52.557544863808],
                        [-1.840634705833858, 52.55649691053792],
                        [-1.838798546282924, 52.55684502234129],
                        [-1.83518993287136, 52.55827128587381],
                        [-1.835308534390992, 52.55771136421541],
                        [-1.833198519768172, 52.55751428933013],
                        [-1.833218220855033, 52.55696860979703],
                        [-1.834690636474867, 52.55650405232813],
                        [-1.834399708658358, 52.555023980678165],
                        [-1.833265679447386, 52.55339425536314],
                        [-1.832115040217874, 52.55269863394472],
                        [-1.83093163246699, 52.553231876053],
                        [-1.832005350826571, 52.53735815375918],
                        [-1.832775713752651, 52.53523230599617],
                        [-1.833855327976999, 52.53391583482866],
                        [-1.835205552292221, 52.534358276575745],
                        [-1.834888048741747, 52.53491343125759],
                        [-1.836865006332207, 52.535694648460016],
                        [-1.836543676064241, 52.53607176207939],
                        [-1.837746439171187, 52.53654273168167],
                        [-1.838167871366244, 52.53621338348259],
                        [-1.840462991432283, 52.537115494290695],
                        [-1.840763404760421, 52.53680125230747],
                        [-1.841678483292933, 52.53693908424575],
                        [-1.840459725570344, 52.53801799461434],
                        [-1.842591186769457, 52.53896936333635],
                        [-1.843407259285596, 52.538349241522084],
                        [-1.844960291609729, 52.539053370867954],
                        [-1.845634473681722, 52.53850135141595],
                        [-1.845926080844788, 52.53944656572105],
                        [-1.848000360520184, 52.54035902684528],
                        [-1.84647596912434, 52.54159677114978],
                        [-1.847832468466795, 52.54201651883871],
                        [-1.847422855167841, 52.542343220253336],
                        [-1.848849385944747, 52.54301927376836],
                        [-1.850573152412537, 52.54256661124113],
                        [-1.850246488473956, 52.54367460243343],
                        [-1.856132341481556, 52.546519087125766],
                        [-1.858770960393475, 52.54500484378451],
                        [-1.861480376316322, 52.546205415958696],
                        [-1.865210338061076, 52.548904911080896],
                        [-1.865161909531093, 52.54931386673972],
                        [-1.865603999928846, 52.54939983769948],
                        [-1.865360876812525, 52.549817560729565],
                        [-1.865973770053009, 52.5500376342477],
                        [-1.865208906726404, 52.550804461831866],
                        [-1.870596442778363, 52.55276483530226],
                        [-1.870803894157783, 52.552433340322786],
                        [-1.871307936076991, 52.55255620497491],
                        [-1.872030824246563, 52.55298577048869],
                        [-1.871887059695118, 52.553247234407586],
                        [-1.876062995283384, 52.55512156326574],
                        [-1.878310257252259, 52.556905616674506],
                        [-1.879268051848003, 52.556695393910424],
                        [-1.878625128485276, 52.55716576097578],
                        [-1.879939536586476, 52.55819110791864],
                        [-1.882015530328336, 52.55905704656373],
                        [-1.882722117202261, 52.559064937031266],
                        [-1.891639341272972, 52.56243923438358],
                        [-1.888505637807122, 52.56381084375928],
                        [-1.882752859841235, 52.56744172478059],
                        [-1.878525983364025, 52.56962020821945],
                        [-1.875931544672212, 52.580346857620334],
                        [-1.872571162138789, 52.58492903337723],
                        [-1.872428169907512, 52.584990243255156],
                        [-1.8481648107482, 52.57608131441948]
                    ]
                ],
                "type": "Polygon"
            },
            "properties": {
                "geo_point_2d": { "lon": -1.8578202243070991, "lat": 52.559979677420294 },
                "lad25cd": "E08000025",
                "lad25nm": "Birmingham",
                "wd25cd": "E05011179",
                "wd25nm": "Sutton Vesey",
                "bng_e": "409502",
                "bng_n": "296195",
                "lat": 52.5635204854,
                "long": -1.86125057888
            }
        },
        {
            "type": "Feature",
            "geometry": {
                "coordinates": [
                    [
                        [-1.815517767633682, 52.489477644585236],
                        [-1.820142261744935, 52.489464082398634],
                        [-1.824975314082652, 52.490290339008666],
                        [-1.827401877746597, 52.490063731803694],
                        [-1.830442311545802, 52.48912147969916],
                        [-1.831908794915586, 52.48959549636272],
                        [-1.845522064669556, 52.49399932081762],
                        [-1.852412699494489, 52.497372162444655],
                        [-1.857371907436875, 52.49885171112536],
                        [-1.85397164929347, 52.500338036401885],
                        [-1.849999210735272, 52.50149909625132],
                        [-1.831375967349979, 52.50495406239255],
                        [-1.830691257133515, 52.50447486968798],
                        [-1.830521003623278, 52.50354596198393],
                        [-1.829396932089642, 52.502012453958066],
                        [-1.828890501664222, 52.49964553044703],
                        [-1.824718738824193, 52.497416229082425],
                        [-1.821615276975994, 52.496682542798744],
                        [-1.820203867624841, 52.49601426671648],
                        [-1.818281758658911, 52.493504935975665],
                        [-1.817435588145939, 52.49153396154177],
                        [-1.815517767633682, 52.489477644585236]
                    ]
                ],
                "type": "Polygon"
            },
            "properties": {
                "geo_point_2d": { "lon": -1.8353118215077644, "lat": 52.49662990002323 },
                "lad25cd": "E08000025",
                "lad25nm": "Birmingham",
                "wd25cd": "E05011183",
                "wd25nm": "Ward End",
                "bng_e": "411133",
                "bng_n": "288806",
                "lat": 52.4970632083,
                "long": -1.83743689678
            }
        },
        {
            "type": "Feature",
            "geometry": {
                "coordinates": [
                    [
                        [-1.961818254595413, 52.42116154076829],
                        [-1.966725909799844, 52.418233183902544],
                        [-1.970002393036802, 52.41738716317817],
                        [-1.971732174881135, 52.41629533698456],
                        [-1.973471368589657, 52.41411294569343],
                        [-1.972963928620206, 52.41213136054399],
                        [-1.973604586976009, 52.41022112258856],
                        [-1.975854998248093, 52.40790668964236],
                        [-1.981287860455691, 52.40864751323605],
                        [-1.981036025347487, 52.40972363585628],
                        [-1.983523409055768, 52.40952439036166],
                        [-1.983906761897016, 52.410615793932905],
                        [-1.989155109682709, 52.41038989517668],
                        [-1.989209508432145, 52.409984384284805],
                        [-1.990738519301021, 52.409574591411875],
                        [-1.99123237806064, 52.40989736861068],
                        [-1.995120891385102, 52.40852842961293],
                        [-1.998018254570247, 52.4094913370274],
                        [-1.997805160576924, 52.40972330080509],
                        [-1.996933272333601, 52.410339106395064],
                        [-1.995615886092419, 52.4124813260752],
                        [-1.993251780855879, 52.41355828053845],
                        [-1.991081729858661, 52.41354466103165],
                        [-1.988868989643648, 52.414107274059305],
                        [-1.986043876236948, 52.41671137403774],
                        [-1.985048570928991, 52.41643614813038],
                        [-1.984787993859171, 52.41733243649521],
                        [-1.983573231035194, 52.41813054487225],
                        [-1.978788001093847, 52.419655418304295],
                        [-1.975027809806871, 52.420447657944266],
                        [-1.978259804387765, 52.423347558537884],
                        [-1.97931549573234, 52.42359409164773],
                        [-1.980723797152296, 52.42465421931081],
                        [-1.980329565730119, 52.42504789665187],
                        [-1.975359550435578, 52.42675962792798],
                        [-1.974736371263656, 52.42599079995682],
                        [-1.968742925848798, 52.422946313489646],
                        [-1.968018396714067, 52.42223224609663],
                        [-1.967951318185978, 52.421433960442315],
                        [-1.966275139173808, 52.42131845867581],
                        [-1.963739611359627, 52.42181301351791],
                        [-1.961818254595413, 52.42116154076829]
                    ]
                ],
                "type": "Polygon"
            },
            "properties": {
                "geo_point_2d": { "lon": -1.978986443918932, "lat": 52.41600652449351 },
                "lad25cd": "E08000025",
                "lad25nm": "Birmingham",
                "wd25cd": "E05011119",
                "wd25nm": "Allens Cross",
                "bng_e": "401463",
                "bng_n": "279538",
                "lat": 52.4138539469,
                "long": -1.97991004856
            }
        },
        {
            "type": "Feature",
            "geometry": {
                "coordinates": [
                    [
                        [-1.857361315197035, 52.433708410192615],
                        [-1.85639999340171, 52.433965279191945],
                        [-1.856216926118845, 52.43372320453906],
                        [-1.856505353198971, 52.43139247521715],
                        [-1.857509049155938, 52.429369079923426],
                        [-1.856722674375804, 52.42925399039035],
                        [-1.858635180327231, 52.42738172964686],
                        [-1.858081813236053, 52.42695596479647],
                        [-1.858962880759308, 52.425620080047665],
                        [-1.858544618142299, 52.42541137188888],
                        [-1.85901896621026, 52.424304776776474],
                        [-1.858011213345909, 52.42373042162747],
                        [-1.858499949242622, 52.42358211313221],
                        [-1.858134317239809, 52.423402872745335],
                        [-1.858414770005553, 52.42094877985348],
                        [-1.856069554087592, 52.41990561554553],
                        [-1.854801947245978, 52.4177924926797],
                        [-1.85398027744723, 52.417270958194536],
                        [-1.854471790086367, 52.41602284340174],
                        [-1.853675454362393, 52.415632143172445],
                        [-1.853088702743091, 52.41448345759774],
                        [-1.851194458922276, 52.41342064288564],
                        [-1.849440695801695, 52.410774869785755],
                        [-1.850259699598416, 52.41027880915685],
                        [-1.850842809298146, 52.41043143394552],
                        [-1.853949464228999, 52.40854469461914],
                        [-1.857817562709309, 52.408404701875284],
                        [-1.862765805132602, 52.40932214006168],
                        [-1.864137992007498, 52.41007255959903],
                        [-1.864776165447729, 52.41098309476494],
                        [-1.866323073245476, 52.41523979927118],
                        [-1.867644032004842, 52.41601447621698],
                        [-1.868451185553266, 52.41604323623353],
                        [-1.869361160464534, 52.41557221984888],
                        [-1.871950194420869, 52.416100095398996],
                        [-1.873421805023967, 52.41565760440508],
                        [-1.874464170064922, 52.41567309381018],
                        [-1.876617861282073, 52.41418657811754],
                        [-1.883791996039393, 52.41494536454905],
                        [-1.884936409078923, 52.41472988269476],
                        [-1.885528579198879, 52.41426023000818],
                        [-1.888072065165918, 52.415445773034996],
                        [-1.890301024827088, 52.41661389287219],
                        [-1.891302186938566, 52.418464080809784],
                        [-1.892134782035707, 52.421911629635844],
                        [-1.892693255563486, 52.42810441542481],
                        [-1.891114547758138, 52.42782607274134],
                        [-1.888462986971202, 52.4266289027546],
                        [-1.887418293034461, 52.42742618244302],
                        [-1.882201477711195, 52.429200271542804],
                        [-1.879839677036473, 52.429687807495206],
                        [-1.876740943895446, 52.431249792875114],
                        [-1.874670944605965, 52.43248106128208],
                        [-1.86951353903911, 52.43470681245449],
                        [-1.8645313282103, 52.433849030203966],
                        [-1.865072968461908, 52.433242814513],
                        [-1.862240358951701, 52.43267226683288],
                        [-1.860370887088897, 52.43269704059594],
                        [-1.859944004794223, 52.433274610513514],
                        [-1.85935030198447, 52.43310665121978],
                        [-1.859103687027694, 52.433432692937735],
                        [-1.857776689687296, 52.433063430312124],
                        [-1.857785281543202, 52.43359747574996],
                        [-1.857361315197035, 52.433708410192615]
                    ]
                ],
                "type": "Polygon"
            },
            "properties": {
                "geo_point_2d": { "lon": -1.870952431738731, "lat": 52.42186814222156 },
                "lad25cd": "E08000025",
                "lad25nm": "Birmingham",
                "wd25cd": "E05011124",
                "wd25nm": "Billesley",
                "bng_e": "408584",
                "bng_n": "280405",
                "lat": 52.4215838083,
                "long": -1.8751953496
            }
        },
        {
            "type": "Feature",
            "geometry": {
                "coordinates": [
                    [
                        [-1.847303520677797, 52.47800129941291],
                        [-1.860774062313886, 52.47611651454483],
                        [-1.865703068785866, 52.47473598447975],
                        [-1.870482447620429, 52.47406616902295],
                        [-1.874852022155413, 52.47300729342455],
                        [-1.876136823272335, 52.471066824157056],
                        [-1.877983858630259, 52.46907029960953],
                        [-1.882335587613942, 52.46675522814964],
                        [-1.885650768280481, 52.4643213551428],
                        [-1.886633998974144, 52.46318952492207],
                        [-1.901213719811925, 52.46731098122689],
                        [-1.901232885318659, 52.46731549127768],
                        [-1.899976549695054, 52.470246938948236],
                        [-1.899594926158415, 52.47298408884163],
                        [-1.899619685258241, 52.47378785280057],
                        [-1.900422494231592, 52.47487717343974],
                        [-1.896876652814383, 52.476441096177794],
                        [-1.896357240214802, 52.476277072813296],
                        [-1.892857964282197, 52.47675308107915],
                        [-1.891551546708554, 52.47813730049123],
                        [-1.893367498883701, 52.478544368346775],
                        [-1.89280487891554, 52.479222589061834],
                        [-1.892054655490907, 52.478964779516076],
                        [-1.885620384212356, 52.48062195462804],
                        [-1.879053967381897, 52.481501775650514],
                        [-1.86690568278407, 52.482141424992626],
                        [-1.848940875274465, 52.483585287301985],
                        [-1.848654450730978, 52.48295202957251],
                        [-1.847835360163735, 52.48304085528854],
                        [-1.846667650111973, 52.47838621735281],
                        [-1.847383528962176, 52.47831515237729],
                        [-1.847303520677797, 52.47800129941291]
                    ]
                ],
                "type": "Polygon"
            },
            "properties": {
                "geo_point_2d": { "lon": -1.8779635666775831, "lat": 52.47506430256524 },
                "lad25cd": "E08000025",
                "lad25nm": "Birmingham",
                "wd25cd": "E05011126",
                "wd25nm": "Bordesley & Highgate",
                "bng_e": "407828",
                "bng_n": "286170",
                "lat": 52.4734224789,
                "long": -1.88618029433
            }
        },
        {
            "type": "Feature",
            "geometry": {
                "coordinates": [
                    [
                        [-1.908567213614553, 52.449786373068655],
                        [-1.909233593350135, 52.44914500188301],
                        [-1.90945905646492, 52.44757372148958],
                        [-1.911437126097275, 52.446503642249624],
                        [-1.912139053603453, 52.444957874757755],
                        [-1.911635035507419, 52.44021347791044],
                        [-1.912320784093705, 52.4379016952483],
                        [-1.912747749128182, 52.436218210517175],
                        [-1.91361055017362, 52.435031239457714],
                        [-1.916168253153361, 52.43357764604917],
                        [-1.916754410355292, 52.43239315186698],
                        [-1.920488669868256, 52.43165856183664],
                        [-1.923189507375311, 52.4305662068445],
                        [-1.925179747771304, 52.43040210930062],
                        [-1.927200547230248, 52.42948997024451],
                        [-1.929674390756071, 52.43501398569156],
                        [-1.936708361179939, 52.44317459293936],
                        [-1.937792323130061, 52.44549104977734],
                        [-1.938082628816026, 52.447301720362425],
                        [-1.934405214051016, 52.44770256348425],
                        [-1.932431452158845, 52.447153043796376],
                        [-1.930242199495454, 52.4471248149556],
                        [-1.929408745268886, 52.446623542804744],
                        [-1.927555592162794, 52.44716185222052],
                        [-1.92405045866074, 52.44651238591142],
                        [-1.919140672783251, 52.44740096573789],
                        [-1.915207077937626, 52.449339146708766],
                        [-1.911121248001017, 52.44994388612874],
                        [-1.908567213614553, 52.449786373068655]
                    ]
                ],
                "type": "Polygon"
            },
            "properties": {
                "geo_point_2d": { "lon": -1.9228519299899465, "lat": 52.440680744591965 },
                "lad25cd": "E08000025",
                "lad25nm": "Birmingham",
                "wd25cd": "E05011128",
                "wd25nm": "Bournbrook & Selly Park",
                "bng_e": "405308",
                "bng_n": "282291",
                "lat": 52.4385801802,
                "long": -1.92333887667
            }
        },
        {
            "type": "Feature",
            "geometry": {
                "coordinates": [
                    [
                        [-1.927200547230248, 52.42948997024451],
                        [-1.926238792953501, 52.42680580842821],
                        [-1.926552324794428, 52.42660639159324],
                        [-1.926003391763264, 52.42421655105589],
                        [-1.92623523348685, 52.4218738406257],
                        [-1.926663208048661, 52.42180580127113],
                        [-1.927025885942655, 52.41676620585172],
                        [-1.928386694081398, 52.415395185288965],
                        [-1.930856649410382, 52.41444640242408],
                        [-1.934750726144323, 52.41388760805145],
                        [-1.949133426351207, 52.41282126240751],
                        [-1.954319663953094, 52.411890197017435],
                        [-1.959576807201765, 52.41045544857271],
                        [-1.960896468126418, 52.410953077739954],
                        [-1.959762983100844, 52.41099494069491],
                        [-1.959128985222461, 52.41145677167999],
                        [-1.95904570886041, 52.414095379974725],
                        [-1.957024989420041, 52.41470240160481],
                        [-1.956406668349435, 52.415537293676195],
                        [-1.95487557008507, 52.41605278343802],
                        [-1.954703807525636, 52.41734907334908],
                        [-1.955524839683754, 52.41958250236605],
                        [-1.959541823078432, 52.4181374006866],
                        [-1.960245490457349, 52.418906336708176],
                        [-1.959024939646008, 52.420589726906435],
                        [-1.960523568508957, 52.4219468927639],
                        [-1.956212514721829, 52.42460010455611],
                        [-1.946086091027808, 52.43435552092228],
                        [-1.945116127714635, 52.4361216505713],
                        [-1.940331380426192, 52.43918037973402],
                        [-1.938345939630324, 52.44097110383524],
                        [-1.936708361179939, 52.44317459293936],
                        [-1.929674390756071, 52.43501398569156],
                        [-1.927200547230248, 52.42948997024451]
                    ]
                ],
                "type": "Polygon"
            },
            "properties": {
                "geo_point_2d": { "lon": -1.9412776497297213, "lat": 52.42452277778346 },
                "lad25cd": "E08000025",
                "lad25nm": "Birmingham",
                "wd25cd": "E05011129",
                "wd25nm": "Bournville & Cotteridge",
                "bng_e": "403943",
                "bng_n": "280808",
                "lat": 52.4252592806,
                "long": -1.94343503158
            }
        },
        {
            "type": "Feature",
            "geometry": {
                "coordinates": [
                    [
                        [-1.832775713752651, 52.53523230599617],
                        [-1.831548346664032, 52.53467047902036],
                        [-1.830654742803115, 52.53548094039835],
                        [-1.828074524078601, 52.534418251826594],
                        [-1.827640474381113, 52.534944457616305],
                        [-1.823047179363822, 52.53411148711807],
                        [-1.822699891071137, 52.534660273640846],
                        [-1.819239305737895, 52.53374166622545],
                        [-1.818959870652971, 52.53320721352811],
                        [-1.817387816033081, 52.5326384222818],
                        [-1.81746534624348, 52.53240756715806],
                        [-1.815319354035515, 52.53231607771777],
                        [-1.815579934256735, 52.5317088513115],
                        [-1.814119595678496, 52.53159144229847],
                        [-1.814888797818975, 52.52989449214686],
                        [-1.814160072042802, 52.529658693237565],
                        [-1.815906654887935, 52.5279515800333],
                        [-1.815805399767615, 52.52749019338733],
                        [-1.816396719520539, 52.52744527575298],
                        [-1.816325517093607, 52.52717905100109],
                        [-1.817931155027849, 52.52706918575986],
                        [-1.817382968960502, 52.52562183276021],
                        [-1.819021566522969, 52.52537261061565],
                        [-1.818463139232569, 52.52460855282398],
                        [-1.819486506105906, 52.52413091164269],
                        [-1.822711760908891, 52.5229122435811],
                        [-1.823287938968771, 52.52332310640427],
                        [-1.824044365021325, 52.52287648229996],
                        [-1.822037859081905, 52.521184318044405],
                        [-1.822466213280939, 52.51728607461811],
                        [-1.826542136814941, 52.51770022410947],
                        [-1.830623712934904, 52.517453491833436],
                        [-1.833839582377556, 52.51696625626459],
                        [-1.836895954985921, 52.51576053509078],
                        [-1.840843562858842, 52.518264200174045],
                        [-1.842256267404762, 52.52008018218595],
                        [-1.844303286246308, 52.52175776645146],
                        [-1.843562491408641, 52.522863401488735],
                        [-1.842948048200286, 52.525707886750816],
                        [-1.84338283869439, 52.5282157452843],
                        [-1.843842453916497, 52.528703644106336],
                        [-1.849145613690033, 52.52971016828041],
                        [-1.851404339805234, 52.53045016056543],
                        [-1.850831172132149, 52.53080452984724],
                        [-1.851035023052777, 52.53155279956901],
                        [-1.848096985492967, 52.53200302208855],
                        [-1.847533944563925, 52.53240331314016],
                        [-1.848390669428441, 52.53277118362865],
                        [-1.848880955975439, 52.534235303244444],
                        [-1.848585737958425, 52.535182459352086],
                        [-1.849323154573059, 52.5359790444264],
                        [-1.849921908899846, 52.53591599442012],
                        [-1.849934032914692, 52.53756832614822],
                        [-1.8507218055023, 52.53783633323738],
                        [-1.849994646099055, 52.5379387696028],
                        [-1.850905140335577, 52.53987901777198],
                        [-1.850716493956794, 52.54116432422443],
                        [-1.85122296250706, 52.541810517954666],
                        [-1.850564426797096, 52.542091891039895],
                        [-1.850573152412537, 52.54256661124113],
                        [-1.848849385944747, 52.54301927376836],
                        [-1.847422855167841, 52.542343220253336],
                        [-1.847832468466795, 52.54201651883871],
                        [-1.84647596912434, 52.54159677114978],
                        [-1.848000360520184, 52.54035902684528],
                        [-1.845926080844788, 52.53944656572105],
                        [-1.845634473681722, 52.53850135141595],
                        [-1.844960291609729, 52.539053370867954],
                        [-1.843407259285596, 52.538349241522084],
                        [-1.842591186769457, 52.53896936333635],
                        [-1.840459725570344, 52.53801799461434],
                        [-1.841678483292933, 52.53693908424575],
                        [-1.840763404760421, 52.53680125230747],
                        [-1.840462991432283, 52.537115494290695],
                        [-1.838167871366244, 52.53621338348259],
                        [-1.837746439171187, 52.53654273168167],
                        [-1.836543676064241, 52.53607176207939],
                        [-1.836865006332207, 52.535694648460016],
                        [-1.834888048741747, 52.53491343125759],
                        [-1.835205552292221, 52.534358276575745],
                        [-1.833855327976999, 52.53391583482866],
                        [-1.832775713752651, 52.53523230599617]
                    ]
                ],
                "type": "Polygon"
            },
            "properties": {
                "geo_point_2d": { "lon": -1.833563952787968, "lat": 52.528110899098564 },
                "lad25cd": "E08000025",
                "lad25nm": "Birmingham",
                "wd25cd": "E05011135",
                "wd25nm": "Erdington",
                "bng_e": "411573",
                "bng_n": "292403",
                "lat": 52.5293909503,
                "long": -1.83083022914
            }
        },
        {
            "type": "Feature",
            "geometry": {
                "coordinates": [
                    [
                        [-1.92429169110125, 52.51283236106651],
                        [-1.924173523646223, 52.51216973919437],
                        [-1.922806498210838, 52.51197374329201],
                        [-1.922491660796035, 52.51166068931584],
                        [-1.920429295026612, 52.51225716339307],
                        [-1.918983815088278, 52.511391334011535],
                        [-1.918860366346192, 52.51047436131714],
                        [-1.919681626057936, 52.50852403711318],
                        [-1.923052677346108, 52.509366855257454],
                        [-1.925103982506032, 52.50917574825924],
                        [-1.926299442915337, 52.50621076190567],
                        [-1.923400609373704, 52.5058565335273],
                        [-1.920016298328769, 52.50597473295642],
                        [-1.918824187492221, 52.503647368924184],
                        [-1.918804822958238, 52.50215410664874],
                        [-1.923441599349975, 52.500914775306335],
                        [-1.930520174993759, 52.50256336313064],
                        [-1.940630915833754, 52.50445223457496],
                        [-1.940487285439706, 52.509370576501844],
                        [-1.939190375989219, 52.51173431023927],
                        [-1.939278093666917, 52.51438813562812],
                        [-1.935794069819604, 52.51372375837699],
                        [-1.932826245785686, 52.513863218871876],
                        [-1.925636438625125, 52.51321885706555],
                        [-1.92429169110125, 52.51283236106651]
                    ]
                ],
                "type": "Polygon"
            },
            "properties": {
                "geo_point_2d": { "lon": -1.9301753220639548, "lat": 52.50781251810552 },
                "lad25cd": "E08000025",
                "lad25nm": "Birmingham",
                "wd25cd": "E05011142",
                "wd25nm": "Handsworth",
                "bng_e": "404869",
                "bng_n": "290008",
                "lat": 52.5079602049,
                "long": -1.92968702434
            }
        },
        {
            "type": "Feature",
            "geometry": {
                "coordinates": [
                    [
                        [-1.864776165447729, 52.41098309476494],
                        [-1.866651892278084, 52.41103105672453],
                        [-1.865643817252854, 52.40993766738617],
                        [-1.866258612930899, 52.409808852946576],
                        [-1.867120240729843, 52.4087723960256],
                        [-1.868793314964098, 52.407724250687906],
                        [-1.869203252577653, 52.40779570487914],
                        [-1.868774396252706, 52.40469767635672],
                        [-1.872384574312172, 52.40466386174882],
                        [-1.872341123600784, 52.402143086214146],
                        [-1.877872660867366, 52.40241489769763],
                        [-1.878361118219158, 52.39988342311536],
                        [-1.882704353288497, 52.39979873561671],
                        [-1.886199545042107, 52.404343082532144],
                        [-1.88594588508126, 52.404673669045515],
                        [-1.886695435368687, 52.40468786957405],
                        [-1.887925667203978, 52.40646631808098],
                        [-1.888129674221209, 52.40775127416901],
                        [-1.887183308273781, 52.40994755046399],
                        [-1.885452638291646, 52.411234158195086],
                        [-1.884438215105329, 52.412952929912194],
                        [-1.884543702746828, 52.413639857473356],
                        [-1.885528579198879, 52.41426023000818],
                        [-1.884936409078923, 52.41472988269476],
                        [-1.883791996039393, 52.41494536454905],
                        [-1.876617861282073, 52.41418657811754],
                        [-1.874464170064922, 52.41567309381018],
                        [-1.873421805023967, 52.41565760440508],
                        [-1.871950194420869, 52.416100095398996],
                        [-1.869361160464534, 52.41557221984888],
                        [-1.868451185553266, 52.41604323623353],
                        [-1.867644032004842, 52.41601447621698],
                        [-1.866323073245476, 52.41523979927118],
                        [-1.864776165447729, 52.41098309476494]
                    ]
                ],
                "type": "Polygon"
            },
            "properties": {
                "geo_point_2d": { "lon": -1.8770144891081741, "lat": 52.40867398070025 },
                "lad25cd": "E08000025",
                "lad25nm": "Birmingham",
                "wd25cd": "E05011146",
                "wd25nm": "Highter's Heath",
                "bng_e": "408373",
                "bng_n": "278890",
                "lat": 52.4079670963,
                "long": -1.87833503899
            }
        },
        {
            "type": "Feature",
            "geometry": {
                "coordinates": [
                    [
                        [-1.914128213151049, 52.4153506706689],
                        [-1.915353823482701, 52.41412260232667],
                        [-1.919386751918142, 52.41322549472137],
                        [-1.918969263793291, 52.41157375809141],
                        [-1.916565635692674, 52.409239118253275],
                        [-1.916601136380051, 52.40834282073421],
                        [-1.918832705750034, 52.40780246888163],
                        [-1.923424474101862, 52.408287200592646],
                        [-1.927186404046001, 52.40753539176678],
                        [-1.92810450326467, 52.407146160056634],
                        [-1.928305384894017, 52.40656759967285],
                        [-1.929179439560099, 52.406798351240845],
                        [-1.929547841067166, 52.406337020217045],
                        [-1.930244666842849, 52.406294728978956],
                        [-1.930825766145642, 52.40552327133099],
                        [-1.932256166866875, 52.40493704453604],
                        [-1.933875949268911, 52.40349550032231],
                        [-1.934549025381915, 52.403477623482594],
                        [-1.936654882740369, 52.40235302832654],
                        [-1.937439800123726, 52.40307167078565],
                        [-1.939311693201316, 52.402836562846645],
                        [-1.939062894060534, 52.40203244378307],
                        [-1.939757438853958, 52.40198964579119],
                        [-1.939654496377877, 52.40094854234521],
                        [-1.941955993034998, 52.40051951417377],
                        [-1.942097469929117, 52.39966417699833],
                        [-1.940995000891001, 52.39839622147849],
                        [-1.942866826672498, 52.39789620019882],
                        [-1.942085806323893, 52.39744911359907],
                        [-1.942127246054601, 52.39711415422073],
                        [-1.944179295495612, 52.39688638360046],
                        [-1.945207323545344, 52.395695163269025],
                        [-1.947042231731126, 52.394702680466445],
                        [-1.94609542321441, 52.39247966142215],
                        [-1.945334113333647, 52.392032128324395],
                        [-1.945457315302899, 52.390681516752075],
                        [-1.952550375120841, 52.39330604131054],
                        [-1.953230120398664, 52.39397884676591],
                        [-1.952214937901879, 52.395052720984516],
                        [-1.954375354210518, 52.39635891597724],
                        [-1.951857112891642, 52.39708249601775],
                        [-1.952808592851272, 52.397856972376175],
                        [-1.952179325491262, 52.39808509333669],
                        [-1.952920584633469, 52.398978028937194],
                        [-1.952568787037103, 52.39944811536043],
                        [-1.950783953455888, 52.39997244025208],
                        [-1.951201720538298, 52.40102711654502],
                        [-1.950181654560252, 52.40107882147429],
                        [-1.951242648704706, 52.4026030922658],
                        [-1.950435670093963, 52.40389372356581],
                        [-1.948671738284633, 52.40524145994053],
                        [-1.948874399637258, 52.40543396991771],
                        [-1.952067133105591, 52.40537867897452],
                        [-1.952635421325287, 52.40594799538882],
                        [-1.951802325227238, 52.40693925104524],
                        [-1.952199147693862, 52.40704096938172],
                        [-1.95281058066663, 52.4084338265863],
                        [-1.957143491926951, 52.40771080526174],
                        [-1.960896036744146, 52.408131993036335],
                        [-1.963069139827664, 52.40764358762269],
                        [-1.963711249673065, 52.407965626770924],
                        [-1.963620783169146, 52.4089167465463],
                        [-1.959576807201765, 52.41045544857271],
                        [-1.954319663953094, 52.411890197017435],
                        [-1.949133426351207, 52.41282126240751],
                        [-1.934750726144323, 52.41388760805145],
                        [-1.930856649410382, 52.41444640242408],
                        [-1.926623553798939, 52.41558014852955],
                        [-1.924181144904358, 52.41656400166434],
                        [-1.916942524919481, 52.42073051393124],
                        [-1.915922565179589, 52.419633862241746],
                        [-1.915538366041025, 52.41836329921902],
                        [-1.916900886582992, 52.417782591498145],
                        [-1.917824876758619, 52.41589981826266],
                        [-1.916301200807293, 52.41538547724746],
                        [-1.914128213151049, 52.4153506706689]
                    ]
                ],
                "type": "Polygon"
            },
            "properties": {
                "geo_point_2d": { "lon": -1.9386175058642592, "lat": 52.407512380372815 },
                "lad25cd": "E08000025",
                "lad25nm": "Birmingham",
                "wd25cd": "E05011148",
                "wd25nm": "King's Norton North",
                "bng_e": "404080",
                "bng_n": "278635",
                "lat": 52.4057230841,
                "long": -1.94144540124
            }
        },
        {
            "type": "Feature",
            "geometry": {
                "coordinates": [
                    [
                        [-1.913681851211216, 52.40744989069564],
                        [-1.913965688128769, 52.406646344940775],
                        [-1.914656466708923, 52.40674031471097],
                        [-1.915310044103926, 52.403149286834186],
                        [-1.916475792598223, 52.40152921664315],
                        [-1.918303807222665, 52.400119002129884],
                        [-1.918585116513002, 52.39817825263306],
                        [-1.922444013954477, 52.39684133896138],
                        [-1.923143182287067, 52.39621069074016],
                        [-1.924390083341423, 52.39667893249285],
                        [-1.928280002597908, 52.393124897725045],
                        [-1.928080607604637, 52.3928766315974],
                        [-1.932079813645125, 52.39049028385682],
                        [-1.932866261917336, 52.3903109806406],
                        [-1.934643431595588, 52.387875634291326],
                        [-1.934162007161936, 52.387535549614846],
                        [-1.934322627954787, 52.387221884075736],
                        [-1.93635366013052, 52.387890045177826],
                        [-1.939679423624796, 52.3895855709896],
                        [-1.945457315302899, 52.390681516752075],
                        [-1.945334113333647, 52.392032128324395],
                        [-1.94609542321441, 52.39247966142215],
                        [-1.947042231731126, 52.394702680466445],
                        [-1.945207323545344, 52.395695163269025],
                        [-1.944179295495612, 52.39688638360046],
                        [-1.942127246054601, 52.39711415422073],
                        [-1.942085806323893, 52.39744911359907],
                        [-1.942866826672498, 52.39789620019882],
                        [-1.940995000891001, 52.39839622147849],
                        [-1.942097469929117, 52.39966417699833],
                        [-1.941955993034998, 52.40051951417377],
                        [-1.939654496377877, 52.40094854234521],
                        [-1.939757438853958, 52.40198964579119],
                        [-1.939062894060534, 52.40203244378307],
                        [-1.939311693201316, 52.402836562846645],
                        [-1.937439800123726, 52.40307167078565],
                        [-1.936654882740369, 52.40235302832654],
                        [-1.934549025381915, 52.403477623482594],
                        [-1.933875949268911, 52.40349550032231],
                        [-1.932256166866875, 52.40493704453604],
                        [-1.930825766145642, 52.40552327133099],
                        [-1.930244666842849, 52.406294728978956],
                        [-1.929547841067166, 52.406337020217045],
                        [-1.929179439560099, 52.406798351240845],
                        [-1.928305384894017, 52.40656759967285],
                        [-1.92810450326467, 52.407146160056634],
                        [-1.927186404046001, 52.40753539176678],
                        [-1.923424474101862, 52.408287200592646],
                        [-1.918832705750034, 52.40780246888163],
                        [-1.916601136380051, 52.40834282073421],
                        [-1.913681851211216, 52.40744989069564]
                    ]
                ],
                "type": "Polygon"
            },
            "properties": {
                "geo_point_2d": { "lon": -1.930650173179715, "lat": 52.39874291788119 },
                "lad25cd": "E08000025",
                "lad25nm": "Birmingham",
                "wd25cd": "E05011149",
                "wd25nm": "King's Norton South",
                "bng_e": "404833",
                "bng_n": "277860",
                "lat": 52.3987496538,
                "long": -1.9303873895
            }
        },
        {
            "type": "Feature",
            "geometry": {
                "coordinates": [
                    [
                        [-1.858770960393475, 52.54500484378451],
                        [-1.865634081875984, 52.54340004732892],
                        [-1.867470676538719, 52.54264960670133],
                        [-1.868802024142086, 52.54171254343617],
                        [-1.87376048197589, 52.53664135766011],
                        [-1.876857384377128, 52.53473067582251],
                        [-1.880895511320498, 52.533587658454586],
                        [-1.887517532039136, 52.531856425631716],
                        [-1.895947066038119, 52.52857197407187],
                        [-1.898563143493996, 52.53067160803441],
                        [-1.901390338397656, 52.53468260002668],
                        [-1.897456342806219, 52.53435563346642],
                        [-1.897806534308184, 52.53529897278475],
                        [-1.896900660257424, 52.535583177402366],
                        [-1.894556441625233, 52.535652117124975],
                        [-1.894577660364165, 52.53603059089088],
                        [-1.893796167934466, 52.53603528712529],
                        [-1.892877016439912, 52.53816687811085],
                        [-1.890941720199359, 52.53793584932863],
                        [-1.890468492511954, 52.53851976781062],
                        [-1.889594138012789, 52.53855041311082],
                        [-1.888779726528575, 52.538190070256455],
                        [-1.887272830019003, 52.53995779845459],
                        [-1.888627097838085, 52.54023957108861],
                        [-1.888166668774168, 52.54097996084466],
                        [-1.888454628132238, 52.541380255858705],
                        [-1.88929319662772, 52.541534813730834],
                        [-1.889048648543055, 52.54204605217144],
                        [-1.886532118529229, 52.54133080028495],
                        [-1.885514695051905, 52.54133162099314],
                        [-1.885335907501863, 52.545430822546535],
                        [-1.884048626387432, 52.54879719745258],
                        [-1.884856777458544, 52.5516154076699],
                        [-1.882015530328336, 52.55905704656373],
                        [-1.879939536586476, 52.55819110791864],
                        [-1.878625128485276, 52.55716576097578],
                        [-1.879268051848003, 52.556695393910424],
                        [-1.878310257252259, 52.556905616674506],
                        [-1.876062995283384, 52.55512156326574],
                        [-1.871887059695118, 52.553247234407586],
                        [-1.872030824246563, 52.55298577048869],
                        [-1.871307936076991, 52.55255620497491],
                        [-1.870803894157783, 52.552433340322786],
                        [-1.870596442778363, 52.55276483530226],
                        [-1.865208906726404, 52.550804461831866],
                        [-1.865973770053009, 52.5500376342477],
                        [-1.865360876812525, 52.549817560729565],
                        [-1.865603999928846, 52.54939983769948],
                        [-1.865161909531093, 52.54931386673972],
                        [-1.865210338061076, 52.548904911080896],
                        [-1.861480376316322, 52.546205415958696],
                        [-1.858770960393475, 52.54500484378451]
                    ]
                ],
                "type": "Polygon"
            },
            "properties": {
                "geo_point_2d": { "lon": -1.8797528742704046, "lat": 52.54298714406601 },
                "lad25cd": "E08000025",
                "lad25nm": "Birmingham",
                "wd25cd": "E05011150",
                "wd25nm": "Kingstanding",
                "bng_e": "408230",
                "bng_n": "294247",
                "lat": 52.546028781,
                "long": -1.88006371952
            }
        },
        {
            "type": "Feature",
            "geometry": {
                "coordinates": [
                    [
                        [-1.896160174419885, 52.50002379624601],
                        [-1.897250754073075, 52.499804555365905],
                        [-1.897115849531748, 52.49953023386109],
                        [-1.897761608277549, 52.49932758816253],
                        [-1.897530854381767, 52.49906127361595],
                        [-1.899303290357298, 52.498927081824746],
                        [-1.903284524986616, 52.499094862718536],
                        [-1.903021226132449, 52.50025167981538],
                        [-1.905537528901388, 52.50015754517173],
                        [-1.915148439843854, 52.496842088583904],
                        [-1.915122466705869, 52.49575792425937],
                        [-1.915791367025081, 52.49563877876805],
                        [-1.91928398822133, 52.49876251525012],
                        [-1.923441599349975, 52.500914775306335],
                        [-1.918804822958238, 52.50215410664874],
                        [-1.915908810631995, 52.502851486248595],
                        [-1.905903322316409, 52.5082172432488],
                        [-1.903470209198496, 52.5085011766111],
                        [-1.901683714294234, 52.50490468037461],
                        [-1.896776757564364, 52.500929631065034],
                        [-1.896160174419885, 52.50002379624601]
                    ]
                ],
                "type": "Polygon"
            },
            "properties": {
                "geo_point_2d": { "lon": -1.909031782258702, "lat": 52.501940020625725 },
                "lad25cd": "E08000025",
                "lad25nm": "Birmingham",
                "wd25cd": "E05011153",
                "wd25nm": "Lozells",
                "bng_e": "406297",
                "bng_n": "289356",
                "lat": 52.5020842638,
                "long": -1.90866020439
            }
        },
        {
            "type": "Feature",
            "geometry": {
                "coordinates": [
                    [
                        [-1.896160174419885, 52.50002379624601],
                        [-1.895788898598367, 52.49945079589094],
                        [-1.893381654799515, 52.499555696433795],
                        [-1.886104525101791, 52.498484469564936],
                        [-1.889355054333406, 52.490390377331224],
                        [-1.891744749577838, 52.486441462032126],
                        [-1.892563202278353, 52.485955000209216],
                        [-1.896019149492433, 52.486092890637096],
                        [-1.898859207147345, 52.4850444519899],
                        [-1.899913774672316, 52.48495628110336],
                        [-1.900246533757026, 52.48567312536258],
                        [-1.901706603639977, 52.48664075754843],
                        [-1.907076152975282, 52.48859678248169],
                        [-1.911374783599424, 52.49165128403744],
                        [-1.915791367025081, 52.49563877876805],
                        [-1.915122466705869, 52.49575792425937],
                        [-1.915148439843854, 52.496842088583904],
                        [-1.905537528901388, 52.50015754517173],
                        [-1.903021226132449, 52.50025167981538],
                        [-1.903284524986616, 52.499094862718536],
                        [-1.899303290357298, 52.498927081824746],
                        [-1.897530854381767, 52.49906127361595],
                        [-1.897761608277549, 52.49932758816253],
                        [-1.897115849531748, 52.49953023386109],
                        [-1.897250754073075, 52.499804555365905],
                        [-1.896160174419885, 52.50002379624601]
                    ]
                ],
                "type": "Polygon"
            },
            "properties": {
                "geo_point_2d": { "lon": -1.8999455879440303, "lat": 52.49347256967163 },
                "lad25cd": "E08000025",
                "lad25nm": "Birmingham",
                "wd25cd": "E05011156",
                "wd25nm": "Newtown",
                "bng_e": "406857",
                "bng_n": "288304",
                "lat": 52.4926200803,
                "long": -1.90043200987
            }
        },
        {
            "type": "Feature",
            "geometry": {
                "coordinates": [
                    [
                        [-1.901390338397656, 52.53468260002668],
                        [-1.898563143493996, 52.53067160803441],
                        [-1.895947066038119, 52.52857197407187],
                        [-1.887517532039136, 52.531856425631716],
                        [-1.880895511320498, 52.533587658454586],
                        [-1.878169301938103, 52.52733331543703],
                        [-1.874254289144262, 52.522170865972186],
                        [-1.876229258697024, 52.521626333992],
                        [-1.87752262266995, 52.52081234649871],
                        [-1.879415125082224, 52.51910435577823],
                        [-1.880756603096393, 52.51459910323286],
                        [-1.885036577427875, 52.5126326751622],
                        [-1.891825476654755, 52.51482361158181],
                        [-1.8964208849853, 52.51574558898683],
                        [-1.901363580647151, 52.516303600122846],
                        [-1.904545747499324, 52.516729595266746],
                        [-1.911301473680815, 52.518629095569544],
                        [-1.917024440187084, 52.521432605064334],
                        [-1.919935726155875, 52.52356612755401],
                        [-1.924813525263107, 52.528315966479944],
                        [-1.929450236896783, 52.531291247983916],
                        [-1.930352430104753, 52.53334199057764],
                        [-1.929445396590304, 52.54280687779846],
                        [-1.929947014514839, 52.54357226224112],
                        [-1.933155210200881, 52.545797296185626],
                        [-1.921195680125464, 52.546035408316946],
                        [-1.919814814685096, 52.54632755989056],
                        [-1.91851149771393, 52.547017076027714],
                        [-1.911205583371593, 52.53991520402773],
                        [-1.909101274650751, 52.538673005106965],
                        [-1.903996996292543, 52.53659328035801],
                        [-1.901390338397656, 52.53468260002668]
                    ]
                ],
                "type": "Polygon"
            },
            "properties": {
                "geo_point_2d": { "lon": -1.904857196007447, "lat": 52.528539369932794 },
                "lad25cd": "E08000025",
                "lad25nm": "Birmingham",
                "wd25cd": "E05011160",
                "wd25nm": "Perry Barr",
                "bng_e": "406630",
                "bng_n": "292075",
                "lat": 52.5265243348,
                "long": -1.90370146947
            }
        },
        {
            "type": "Feature",
            "geometry": {
                "coordinates": [
                    [
                        [-1.850573152412537, 52.54256661124113],
                        [-1.850564426797096, 52.542091891039895],
                        [-1.85122296250706, 52.541810517954666],
                        [-1.850716493956794, 52.54116432422443],
                        [-1.850905140335577, 52.53987901777198],
                        [-1.849994646099055, 52.5379387696028],
                        [-1.8507218055023, 52.53783633323738],
                        [-1.849934032914692, 52.53756832614822],
                        [-1.849921908899846, 52.53591599442012],
                        [-1.849323154573059, 52.5359790444264],
                        [-1.848585737958425, 52.535182459352086],
                        [-1.848880955975439, 52.534235303244444],
                        [-1.848390669428441, 52.53277118362865],
                        [-1.847533944563925, 52.53240331314016],
                        [-1.848096985492967, 52.53200302208855],
                        [-1.851035023052777, 52.53155279956901],
                        [-1.850831172132149, 52.53080452984724],
                        [-1.851404339805234, 52.53045016056543],
                        [-1.855660315213991, 52.53126724085421],
                        [-1.860446287154486, 52.53142305717141],
                        [-1.86666467235603, 52.53319046622193],
                        [-1.867762955032679, 52.53173889637568],
                        [-1.871060969267337, 52.53109975503019],
                        [-1.872640722313172, 52.533306678391035],
                        [-1.875285126747791, 52.53235926015005],
                        [-1.876857384377128, 52.53473067582251],
                        [-1.87376048197589, 52.53664135766011],
                        [-1.868802024142086, 52.54171254343617],
                        [-1.867470676538719, 52.54264960670133],
                        [-1.865634081875984, 52.54340004732892],
                        [-1.858770960393475, 52.54500484378451],
                        [-1.856132341481556, 52.546519087125766],
                        [-1.850246488473956, 52.54367460243343],
                        [-1.850573152412537, 52.54256661124113]
                    ]
                ],
                "type": "Polygon"
            },
            "properties": {
                "geo_point_2d": { "lon": -1.8606879079360519, "lat": 52.53754019635635 },
                "lad25cd": "E08000025",
                "lad25nm": "Birmingham",
                "wd25cd": "E05011161",
                "wd25nm": "Perry Common",
                "bng_e": "409519",
                "bng_n": "293413",
                "lat": 52.5385103741,
                "long": -1.86107939298
            }
        },
        {
            "type": "Feature",
            "geometry": {
                "coordinates": [
                    [
                        [-1.998352300298409, 52.397905822390946],
                        [-1.994826689560898, 52.396853021159295],
                        [-1.99107041864732, 52.39641493440883],
                        [-1.988989631203253, 52.395534616137795],
                        [-1.993422458344394, 52.39147419582663],
                        [-2.000663850575449, 52.38647945381036],
                        [-2.000897531466582, 52.3862393953673],
                        [-2.000005670142273, 52.385952608436924],
                        [-2.000681527284731, 52.38597956807545],
                        [-2.000330328200084, 52.38564694108519],
                        [-2.000981204053166, 52.384917868351344],
                        [-2.000513964265624, 52.384782969554934],
                        [-2.000568348702451, 52.3843415910438],
                        [-2.001288247344653, 52.38355131041439],
                        [-2.002194708957713, 52.38351534450205],
                        [-2.002216793335121, 52.384185994185216],
                        [-2.004175329288139, 52.38394327325381],
                        [-2.005009747868644, 52.38414096463731],
                        [-2.00614575727063, 52.38565665521117],
                        [-2.008468911969861, 52.386948374074336],
                        [-2.011361786467031, 52.386166929250535],
                        [-2.012959695956352, 52.388686683511935],
                        [-2.013375069916091, 52.39205965345721],
                        [-2.014192753221074, 52.39421089851428],
                        [-2.015083474131329, 52.39465494966698],
                        [-2.016911480488687, 52.394247384266265],
                        [-2.018082952016742, 52.39493502286868],
                        [-2.019438614545886, 52.39646847398986],
                        [-2.020732374432441, 52.39932784946265],
                        [-2.021678505115952, 52.400084969697694],
                        [-2.021587608049031, 52.400342841808204],
                        [-2.017468004992498, 52.40062313281341],
                        [-2.016597568668408, 52.399729631814196],
                        [-2.014913484038829, 52.40032860744352],
                        [-2.014554482664583, 52.39906465032242],
                        [-2.013800458536365, 52.398910966178185],
                        [-2.012326573956144, 52.39978948125229],
                        [-2.009724895466584, 52.39904628324282],
                        [-2.00982617977601, 52.39842326014544],
                        [-2.008296241306962, 52.39802235839211],
                        [-2.008063778449489, 52.397128836163475],
                        [-2.006588287115116, 52.39737968322689],
                        [-2.006103312754726, 52.3971325531414],
                        [-2.005250915667461, 52.39760453045262],
                        [-2.0045851798338, 52.39759826837314],
                        [-2.004066480802398, 52.3981125536541],
                        [-2.001640063793425, 52.398485689890805],
                        [-1.998352300298409, 52.397905822390946]
                    ]
                ],
                "type": "Polygon"
            },
            "properties": {
                "geo_point_2d": { "lon": -2.0053147359678807, "lat": 52.39307641514307 },
                "lad25cd": "E08000025",
                "lad25nm": "Birmingham",
                "wd25cd": "E05011164",
                "wd25nm": "Rubery & Rednal",
                "bng_e": "399734",
                "bng_n": "277001",
                "lat": 52.3910465621,
                "long": -2.00532495408
            }
        },
        {
            "type": "Feature",
            "geometry": {
                "coordinates": [
                    [
                        [-1.809991021446099, 52.466783633075934],
                        [-1.809339180028361, 52.46709094425869],
                        [-1.808045216478638, 52.46507054930693],
                        [-1.806179726711229, 52.462843394089056],
                        [-1.803773244423346, 52.460855368128605],
                        [-1.798045222732371, 52.45793480172714],
                        [-1.798749483706807, 52.45745499283664],
                        [-1.800323276046854, 52.45828297215254],
                        [-1.804918809270051, 52.454414080293695],
                        [-1.805394457019719, 52.4546827776024],
                        [-1.805971002536864, 52.45407958845669],
                        [-1.805129665868547, 52.453316791079494],
                        [-1.806260167643323, 52.45155207475133],
                        [-1.806072396366073, 52.44974574070482],
                        [-1.806684792751003, 52.44966666321541],
                        [-1.80828176561728, 52.44651736165269],
                        [-1.809269401795475, 52.4453790779512],
                        [-1.814188261878047, 52.45123484788445],
                        [-1.813897149562854, 52.454679365898265],
                        [-1.814909088515377, 52.45513499625524],
                        [-1.823982653572479, 52.457042118173895],
                        [-1.823162825933061, 52.45745351054886],
                        [-1.825474005139497, 52.45839819110054],
                        [-1.824571327669094, 52.45889134660519],
                        [-1.825502303139388, 52.46017468828115],
                        [-1.824331980154373, 52.460982905449505],
                        [-1.824785769167562, 52.461241606551106],
                        [-1.824267907689956, 52.461562678736996],
                        [-1.825641764556987, 52.46250416407562],
                        [-1.823702201140674, 52.462437482784274],
                        [-1.822851555005053, 52.464608204549734],
                        [-1.82068064714829, 52.466741876564896],
                        [-1.820168703446572, 52.467762340839954],
                        [-1.814222661687475, 52.46756074531003],
                        [-1.809991021446099, 52.466783633075934]
                    ]
                ],
                "type": "Polygon"
            },
            "properties": {
                "geo_point_2d": { "lon": -1.8128180006560384, "lat": 52.45886187896905 },
                "lad25cd": "E08000025",
                "lad25nm": "Birmingham",
                "wd25cd": "E05011169",
                "wd25nm": "South Yardley",
                "bng_e": "412882",
                "bng_n": "284449",
                "lat": 52.4578561474,
                "long": -1.81184124065
            }
        },
        {
            "type": "Feature",
            "geometry": {
                "coordinates": [
                    [
                        [-1.808476902772401, 52.603074174195754],
                        [-1.808868044029583, 52.602432938170615],
                        [-1.810167327518141, 52.602781122274926],
                        [-1.811727974169789, 52.5983040225077],
                        [-1.81394959916428, 52.59908869741558],
                        [-1.814775709234498, 52.59818111274532],
                        [-1.817233543833758, 52.59896438659168],
                        [-1.818225074165336, 52.598777987619],
                        [-1.818794300543747, 52.5982115849003],
                        [-1.818138842384147, 52.59820069574681],
                        [-1.816858433416257, 52.59722514056004],
                        [-1.818185910941213, 52.59573665276802],
                        [-1.818828142204832, 52.59392626115616],
                        [-1.819849741305149, 52.59284719328059],
                        [-1.820598072556606, 52.592867200627005],
                        [-1.820987872885879, 52.591023970263805],
                        [-1.820310653333389, 52.59058607707275],
                        [-1.820230705915886, 52.58957012909588],
                        [-1.82080254390714, 52.58943250199276],
                        [-1.820220941313106, 52.58871336185107],
                        [-1.821723569905267, 52.58832729190076],
                        [-1.821270387649323, 52.58724149106858],
                        [-1.818461778182672, 52.586139615225434],
                        [-1.819011114982545, 52.58569360917563],
                        [-1.818045929732817, 52.58531997144686],
                        [-1.819743993210291, 52.58369272886682],
                        [-1.8192491521972, 52.57985604110643],
                        [-1.819346738116793, 52.57908481491739],
                        [-1.820265356102774, 52.57891275655309],
                        [-1.820247799071737, 52.578504529262354],
                        [-1.819987568435696, 52.57864622314847],
                        [-1.818527852963226, 52.5779670786994],
                        [-1.820293212286428, 52.5753383902853],
                        [-1.820626406146711, 52.575409085436405],
                        [-1.820861469092451, 52.57495899931589],
                        [-1.821555819143827, 52.57510483078421],
                        [-1.825751690924377, 52.577519382484745],
                        [-1.827509616163082, 52.57893969045394],
                        [-1.828702335265587, 52.58073581135335],
                        [-1.830610180013004, 52.585437528746006],
                        [-1.833936835468066, 52.58899767110058],
                        [-1.836693875012295, 52.59103135378963],
                        [-1.837851397284678, 52.590579895286055],
                        [-1.837053168699747, 52.58968070808554],
                        [-1.838317120198546, 52.589169086609274],
                        [-1.83990405006161, 52.59116253847806],
                        [-1.840496568760762, 52.5909826038982],
                        [-1.840745326740893, 52.591187936917656],
                        [-1.841480670867032, 52.59315226963896],
                        [-1.842812952537047, 52.59212922994991],
                        [-1.843373727559221, 52.592592902864716],
                        [-1.843657565017816, 52.59248902618145],
                        [-1.845455080620336, 52.595551528887064],
                        [-1.84665615130377, 52.59658329185352],
                        [-1.846348498765489, 52.59673927120847],
                        [-1.847727951589741, 52.597876494661556],
                        [-1.848646020950618, 52.597485737082714],
                        [-1.848946977388325, 52.59800297484917],
                        [-1.848166285406039, 52.598336482954196],
                        [-1.849809818854041, 52.59995222822517],
                        [-1.850966724554305, 52.600574882616144],
                        [-1.850568500586757, 52.600906998309355],
                        [-1.851239274138338, 52.60119102819586],
                        [-1.852592614675552, 52.600064462670666],
                        [-1.852401866682243, 52.59969925478819],
                        [-1.853084900302108, 52.59940882714937],
                        [-1.854225781712211, 52.59999098757821],
                        [-1.8537805490838, 52.60022779251519],
                        [-1.854162948572639, 52.6006579413692],
                        [-1.852807188694189, 52.60167748400234],
                        [-1.852803052700367, 52.60247671066966],
                        [-1.848557984172014, 52.60463701613279],
                        [-1.844477612104784, 52.605207907458514],
                        [-1.838664105698314, 52.60685612729874],
                        [-1.838041323316483, 52.606730267061835],
                        [-1.836727250615432, 52.60734096449981],
                        [-1.832377305325743, 52.60779043936879],
                        [-1.827993882242721, 52.6086993314563],
                        [-1.811824499344877, 52.60439292283657],
                        [-1.808476902772401, 52.603074174195754]
                    ]
                ],
                "type": "Polygon"
            },
            "properties": {
                "geo_point_2d": { "lon": -1.829843578373381, "lat": 52.59617635804217 },
                "lad25cd": "E08000025",
                "lad25nm": "Birmingham",
                "wd25cd": "E05011175",
                "wd25nm": "Sutton Mere Green",
                "bng_e": "411519",
                "bng_n": "299952",
                "lat": 52.5972572635,
                "long": -1.83136675017
            }
        },
        {
            "type": "Feature",
            "geometry": {
                "coordinates": [
                    [
                        [-1.770159132148168, 52.563561443792196],
                        [-1.771364863565698, 52.5589249909889],
                        [-1.773935473483959, 52.55381831236837],
                        [-1.776277917066053, 52.55435138917727],
                        [-1.782888346042346, 52.558243670931446],
                        [-1.786402761602884, 52.559588620937646],
                        [-1.78669302288668, 52.55934738574208],
                        [-1.788188099455705, 52.55947409125053],
                        [-1.790489791348439, 52.560593861239646],
                        [-1.792036819833746, 52.56067657220439],
                        [-1.795372173373434, 52.55778406837651],
                        [-1.796590846734358, 52.55805587371424],
                        [-1.796792742892115, 52.55649827459159],
                        [-1.797694677165952, 52.55664451240363],
                        [-1.797906915845856, 52.55571172464796],
                        [-1.800173512473314, 52.55613446425643],
                        [-1.799292968006597, 52.554523803253296],
                        [-1.80141831896812, 52.55384327021631],
                        [-1.802400832223507, 52.55545498363366],
                        [-1.805960339273685, 52.55465452377411],
                        [-1.806140488537876, 52.55428436263701],
                        [-1.808620230236622, 52.553148533935236],
                        [-1.809301451915681, 52.55421579278931],
                        [-1.810831642082648, 52.555088482838144],
                        [-1.812338212158025, 52.556666796592594],
                        [-1.813444754432105, 52.556238861046715],
                        [-1.813731930011706, 52.556686969466334],
                        [-1.815129105550485, 52.55695616821696],
                        [-1.815404835662893, 52.55979199380657],
                        [-1.816677878625035, 52.562267985161185],
                        [-1.816161412871842, 52.562654627173224],
                        [-1.816191575104451, 52.56355816391199],
                        [-1.815607231198583, 52.56359320617348],
                        [-1.81580809408092, 52.56494825861604],
                        [-1.814495416764498, 52.565579994266244],
                        [-1.810086590914878, 52.56607738111084],
                        [-1.807478792675622, 52.56596263220145],
                        [-1.80708382810904, 52.56687986001201],
                        [-1.805986912082336, 52.56704748741196],
                        [-1.803423072200787, 52.56681390694767],
                        [-1.801867117239753, 52.56736385962463],
                        [-1.799878144248384, 52.56724994435803],
                        [-1.799898688139629, 52.5669497184126],
                        [-1.798527228967483, 52.566988308730714],
                        [-1.798331666844055, 52.56650050221755],
                        [-1.797492867418906, 52.56651947051504],
                        [-1.797775574058001, 52.567041228875105],
                        [-1.797253078454851, 52.56729628629181],
                        [-1.797701644824195, 52.56778303414858],
                        [-1.797161576242728, 52.56789870967501],
                        [-1.795809695706641, 52.566816943340854],
                        [-1.793403879258938, 52.567298092225975],
                        [-1.792889914295018, 52.567881975591256],
                        [-1.792420679973784, 52.56753739255391],
                        [-1.789320660131433, 52.56823743817605],
                        [-1.791215038562559, 52.569109683978525],
                        [-1.788972129333952, 52.571017554600644],
                        [-1.787456130368243, 52.57042053767489],
                        [-1.78665768953132, 52.571508716607525],
                        [-1.784373088939524, 52.571024562533715],
                        [-1.781911751118812, 52.56988824021337],
                        [-1.778725512575984, 52.56890352275245],
                        [-1.778153081474982, 52.570041285728],
                        [-1.775443481856173, 52.57278437736447],
                        [-1.77391036056522, 52.5731488152318],
                        [-1.774717191321592, 52.57458453859625],
                        [-1.77338034702646, 52.57487147062014],
                        [-1.771939634787688, 52.57467907654549],
                        [-1.77128972752223, 52.5750976200629],
                        [-1.769695277024836, 52.57496691387495],
                        [-1.768890652700175, 52.574240930373534],
                        [-1.768084733983388, 52.57412482614572],
                        [-1.767730806400767, 52.57337089849286],
                        [-1.768206522110564, 52.57297270606097],
                        [-1.767023599748917, 52.57121113034382],
                        [-1.763584131646981, 52.57083704680061],
                        [-1.763570358446803, 52.57023690441277],
                        [-1.764535574184561, 52.56936508310967],
                        [-1.766799378428818, 52.568711509602046],
                        [-1.767909310274307, 52.56805923536546],
                        [-1.769041912110846, 52.56815761073912],
                        [-1.770347584722776, 52.567866174001686],
                        [-1.773914768726106, 52.56562019102604],
                        [-1.774237168940465, 52.56461216361406],
                        [-1.770159132148168, 52.563561443792196]
                    ]
                ],
                "type": "Polygon"
            },
            "properties": {
                "geo_point_2d": { "lon": -1.7903508796995982, "lat": 52.563235534924424 },
                "lad25cd": "E08000025",
                "lad25nm": "Birmingham",
                "wd25cd": "E05011176",
                "wd25nm": "Sutton Reddicap",
                "bng_e": "414051",
                "bng_n": "296278",
                "lat": 52.5641694185,
                "long": -1.79414056918
            }
        },
        {
            "type": "Feature",
            "geometry": {
                "coordinates": [
                    [
                        [-1.814998252306763, 52.55510224730678],
                        [-1.813208986222876, 52.555140783682944],
                        [-1.811220189619571, 52.55046109925164],
                        [-1.809660018122667, 52.551103173417],
                        [-1.808343278746778, 52.54936156124213],
                        [-1.8073916542155, 52.54675648977247],
                        [-1.808794025627869, 52.54709146946778],
                        [-1.811667679830669, 52.54650272803402],
                        [-1.807623800776794, 52.54223589589245],
                        [-1.809557952872268, 52.54059299390652],
                        [-1.810153659171252, 52.53511276882917],
                        [-1.811308905881938, 52.53352161157771],
                        [-1.811219070122228, 52.53213346734719],
                        [-1.815319354035515, 52.53231607771777],
                        [-1.81746534624348, 52.53240756715806],
                        [-1.817387816033081, 52.5326384222818],
                        [-1.818959870652971, 52.53320721352811],
                        [-1.819239305737895, 52.53374166622545],
                        [-1.822699891071137, 52.534660273640846],
                        [-1.823047179363822, 52.53411148711807],
                        [-1.827640474381113, 52.534944457616305],
                        [-1.828074524078601, 52.534418251826594],
                        [-1.830654742803115, 52.53548094039835],
                        [-1.831548346664032, 52.53467047902036],
                        [-1.832775713752651, 52.53523230599617],
                        [-1.832005350826571, 52.53735815375918],
                        [-1.83093163246699, 52.553231876053],
                        [-1.830381189385772, 52.55599728511758],
                        [-1.829605517748272, 52.55594404724283],
                        [-1.828560739851347, 52.554949087143164],
                        [-1.828791934233369, 52.553912018936764],
                        [-1.827922310993975, 52.554136431620854],
                        [-1.82677437802855, 52.555769096797775],
                        [-1.826097146185653, 52.55545705574614],
                        [-1.825393275255565, 52.555916350417384],
                        [-1.824540420831794, 52.555244370286665],
                        [-1.824284547322521, 52.55542921924008],
                        [-1.823254974753996, 52.55507260156188],
                        [-1.822763807756623, 52.55470779371774],
                        [-1.823115914938643, 52.55445209244224],
                        [-1.821902910111652, 52.55423628943335],
                        [-1.821386426185859, 52.55466168923656],
                        [-1.820197244094541, 52.55403240004512],
                        [-1.818658728170397, 52.552310250569946],
                        [-1.816953876682864, 52.551229785342876],
                        [-1.816107160394994, 52.551615916554816],
                        [-1.814260402417631, 52.55168224004596],
                        [-1.814998252306763, 52.55510224730678]
                    ]
                ],
                "type": "Polygon"
            },
            "properties": {
                "geo_point_2d": { "lon": -1.8205787113037284, "lat": 52.5437575764524 },
                "lad25cd": "E08000025",
                "lad25nm": "Birmingham",
                "wd25cd": "E05011181",
                "wd25nm": "Sutton Wylde Green",
                "bng_e": "412299",
                "bng_n": "294026",
                "lat": 52.5439657664,
                "long": -1.8200679381
            }
        },
        {
            "type": "Feature",
            "geometry": {
                "coordinates": [
                    [
                        [-1.820168703446572, 52.467762340839954],
                        [-1.82068064714829, 52.466741876564896],
                        [-1.822851555005053, 52.464608204549734],
                        [-1.823702201140674, 52.462437482784274],
                        [-1.825641764556987, 52.46250416407562],
                        [-1.824267907689956, 52.461562678736996],
                        [-1.824785769167562, 52.461241606551106],
                        [-1.824331980154373, 52.460982905449505],
                        [-1.825502303139388, 52.46017468828115],
                        [-1.824571327669094, 52.45889134660519],
                        [-1.825474005139497, 52.45839819110054],
                        [-1.823162825933061, 52.45745351054886],
                        [-1.823982653572479, 52.457042118173895],
                        [-1.830102871510941, 52.45330401236119],
                        [-1.831993163859213, 52.451546429104326],
                        [-1.834492105127638, 52.45221339940562],
                        [-1.833693362102559, 52.4509716548648],
                        [-1.833443354954433, 52.44899712187195],
                        [-1.831053580447977, 52.448290740285366],
                        [-1.832015343055211, 52.4453244534217],
                        [-1.833275512474616, 52.44354267443783],
                        [-1.834525868559937, 52.43965528652937],
                        [-1.835456485718725, 52.43823171159935],
                        [-1.840351896101737, 52.43909239823395],
                        [-1.84203247393795, 52.43973752352407],
                        [-1.83825725746949, 52.4426703385258],
                        [-1.840977458904701, 52.44183791825719],
                        [-1.842575505833464, 52.441744785217885],
                        [-1.841258226679698, 52.44600523553557],
                        [-1.840576021671625, 52.446703723138526],
                        [-1.841601896156263, 52.446986495666714],
                        [-1.841260920340454, 52.45015591040138],
                        [-1.843112886431707, 52.44990843593613],
                        [-1.843876817960104, 52.45317637864919],
                        [-1.846660495321132, 52.453718541251284],
                        [-1.847371546632711, 52.4553520261995],
                        [-1.844820439306211, 52.4568248981188],
                        [-1.848838270799145, 52.45892389229698],
                        [-1.848163128790649, 52.45923857806642],
                        [-1.84662151021182, 52.45901181667672],
                        [-1.845828705600022, 52.460562466726465],
                        [-1.841653801266659, 52.46250956840089],
                        [-1.841134710014411, 52.463202882162605],
                        [-1.838808372990828, 52.46382454662802],
                        [-1.837725586209277, 52.464464050583665],
                        [-1.836519526544645, 52.46462785172165],
                        [-1.833644610802207, 52.466284275328846],
                        [-1.829376985289559, 52.467918859712675],
                        [-1.827518305951742, 52.469672847671745],
                        [-1.827120059555364, 52.469492429827156],
                        [-1.826718566078309, 52.46976964373544],
                        [-1.825667797631514, 52.46934919874361],
                        [-1.825553549980382, 52.46880511311137],
                        [-1.824026285053141, 52.46900336365705],
                        [-1.823031645862943, 52.46815589662357],
                        [-1.820847479278918, 52.4684591753158],
                        [-1.820168703446572, 52.467762340839954]
                    ]
                ],
                "type": "Polygon"
            },
            "properties": {
                "geo_point_2d": { "lon": -1.8349027077276068, "lat": 52.45579218544632 },
                "lad25cd": "E08000025",
                "lad25nm": "Birmingham",
                "wd25cd": "E05011182",
                "wd25nm": "Tyseley & Hay Mills",
                "bng_e": "411341",
                "bng_n": "283864",
                "lat": 52.452630905,
                "long": -1.83453938301
            }
        },
        {
            "type": "Feature",
            "geometry": {
                "coordinates": [
                    [
                        [-1.936708361179939, 52.44317459293936],
                        [-1.938345939630324, 52.44097110383524],
                        [-1.940331380426192, 52.43918037973402],
                        [-1.945116127714635, 52.4361216505713],
                        [-1.946086091027808, 52.43435552092228],
                        [-1.956212514721829, 52.42460010455611],
                        [-1.960523568508957, 52.4219468927639],
                        [-1.961818254595413, 52.42116154076829],
                        [-1.963739611359627, 52.42181301351791],
                        [-1.966275139173808, 52.42131845867581],
                        [-1.967951318185978, 52.421433960442315],
                        [-1.968018396714067, 52.42223224609663],
                        [-1.968742925848798, 52.422946313489646],
                        [-1.974736371263656, 52.42599079995682],
                        [-1.975359550435578, 52.42675962792798],
                        [-1.975639417205745, 52.42851997071475],
                        [-1.975215528978277, 52.43173290118241],
                        [-1.976499572724343, 52.434628829214994],
                        [-1.976127279850384, 52.43752981504571],
                        [-1.976575529574136, 52.43849003265803],
                        [-1.97858688647625, 52.44040168049681],
                        [-1.979108448158213, 52.441948061892326],
                        [-1.976909364520236, 52.444253655964154],
                        [-1.976925149645333, 52.44492789643824],
                        [-1.970658147696732, 52.44646202636667],
                        [-1.970110681179554, 52.44664253755552],
                        [-1.969943358155363, 52.44615798255981],
                        [-1.964945069823099, 52.44650721845296],
                        [-1.960211043447994, 52.44590069637166],
                        [-1.957053623099136, 52.44593554927465],
                        [-1.95601460226025, 52.44632621274131],
                        [-1.952348531154316, 52.44587983302002],
                        [-1.950203031163093, 52.44625741544964],
                        [-1.946700155421233, 52.446035614416246],
                        [-1.945219479115493, 52.44652224024045],
                        [-1.938082628816026, 52.447301720362425],
                        [-1.937792323130061, 52.44549104977734],
                        [-1.936708361179939, 52.44317459293936]
                    ]
                ],
                "type": "Polygon"
            },
            "properties": {
                "geo_point_2d": { "lon": -1.9601829449020618, "lat": 52.4362443012269 },
                "lad25cd": "E08000025",
                "lad25nm": "Birmingham",
                "wd25cd": "E05011184",
                "wd25nm": "Weoley & Selly Oak",
                "bng_e": "402958",
                "bng_n": "281861",
                "lat": 52.4347318921,
                "long": -1.95791160495
            }
        },
        {
            "type": "Feature",
            "geometry": {
                "coordinates": [
                    [
                        [-1.809895027100286, 52.48500436219872],
                        [-1.809878781631538, 52.48364508325891],
                        [-1.806560255177055, 52.47410758534522],
                        [-1.806959786898827, 52.47295659082045],
                        [-1.809724318481777, 52.469588985836424],
                        [-1.809991021446099, 52.466783633075934],
                        [-1.814222661687475, 52.46756074531003],
                        [-1.820168703446572, 52.467762340839954],
                        [-1.820847479278918, 52.4684591753158],
                        [-1.823031645862943, 52.46815589662357],
                        [-1.824026285053141, 52.46900336365705],
                        [-1.825553549980382, 52.46880511311137],
                        [-1.825667797631514, 52.46934919874361],
                        [-1.826718566078309, 52.46976964373544],
                        [-1.827120059555364, 52.469492429827156],
                        [-1.827518305951742, 52.469672847671745],
                        [-1.827525595085108, 52.469676003877815],
                        [-1.82637135207586, 52.47029597005238],
                        [-1.825252496307824, 52.471616302098084],
                        [-1.822365645417156, 52.47289802598478],
                        [-1.821476547091427, 52.47378534913127],
                        [-1.821300965920541, 52.47460946542132],
                        [-1.822233367366777, 52.47666388174201],
                        [-1.822073010575763, 52.47738980615936],
                        [-1.820947661579969, 52.47808901415697],
                        [-1.820995992314093, 52.47850481943079],
                        [-1.81827926379197, 52.481933494730725],
                        [-1.817823411754088, 52.48464012253525],
                        [-1.817187368653044, 52.485398975421916],
                        [-1.809895027100286, 52.48500436219872]
                    ]
                ],
                "type": "Polygon"
            },
            "properties": {
                "geo_point_2d": { "lon": -1.8151590324647506, "lat": 52.47536357380522 },
                "lad25cd": "E08000025",
                "lad25nm": "Birmingham",
                "wd25cd": "E05011186",
                "wd25nm": "Yardley West & Stechford",
                "bng_e": "412525",
                "bng_n": "286528",
                "lat": 52.4765543351,
                "long": -1.81701810041
            }
        }
    ]
}
